  <?xml version="1.0" encoding="UTF-8"?><EIAMessage><MessageHeader><MessageID>8127363</MessageID><TimeStamp>2013-08-28T09:51:23.405</TimeStamp><MessageType>error</MessageType><ServiceDescriptor><ServiceID>es</ServiceID><MajorVersion>10</MajorVersion><MinorVersion>1</MinorVersion></ServiceDescriptor><MessageSecurity><SecurityCredentials><UserName>es</UserName><UserPassword>es</UserPassword></SecurityCredentials></MessageSecurity></MessageHeader><MessageBody><EIAError><TimeStamp>2013-08-28T09:51:21.128</TimeStamp><ErrorLevel>FUNCTIONAL</ErrorLevel><ErrorID>300</ErrorID><ErrorText>No data found</ErrorText><ErrorClass>DataNotFound</ErrorClass><DataPayLoad>[TXID 8127364]</DataPayLoad></EIAError></MessageBody><MessageTrailer/></EIAMessage>
