  <?xml version="1.0" encoding="UTF-8"?><EIAMessage><MessageHeader><MessageID>8133329</MessageID><TimeStamp>2013-09-02T22:39:36.966</TimeStamp><MessageType>reply</MessageType><ServiceDescriptor><ServiceID>es</ServiceID><MajorVersion>10</MajorVersion><MinorVersion>1</MinorVersion></ServiceDescriptor><MessageSecurity><SecurityCredentials><UserName>es</UserName><UserPassword>es</UserPassword></SecurityCredentials></MessageSecurity></MessageHeader><MessageBody><EsReply><EsHeader><InputRequest><Operation>getAssociatedContracts</Operation><ClientAppID>EsTest</ClientAppID><AssociatedContractsRequest><AssociatedContractIdentifierType>AMPID</AssociatedContractIdentifierType><AssociatedContractIdentifier>SGID_1</AssociatedContractIdentifier><ActiveContractsOnly>false</ActiveContractsOnly></AssociatedContractsRequest></InputRequest><TransactionID>8133330</TransactionID></EsHeader><AssociatedContracts><ChunkSize>0</ChunkSize><ChunkPosition>0</ChunkPosition><ActualChunkSize>0</ActualChunkSize><TotalResultSize>0</TotalResultSize></AssociatedContracts></EsReply></MessageBody><MessageTrailer/></EIAMessage>
