  <?xml version="1.0" encoding="UTF-8"?>
<EIAMessage>
	<MessageHeader>
		<MessageID>9056019</MessageID>
		<TimeStamp>2014-10-15T05:26:23.711</TimeStamp>
		<MessageType>error</MessageType>
		<ServiceDescriptor>
			<ServiceID>es</ServiceID>
			<MajorVersion>10</MajorVersion>
			<MinorVersion>1</MinorVersion>
		</ServiceDescriptor>
		<MessageSecurity>
			<SecurityCredentials>
				<UserName>es</UserName>
				<UserPassword>es</UserPassword>
			</SecurityCredentials>
		</MessageSecurity>
	</MessageHeader>
	<MessageBody>
		<EIAError>
			<TimeStamp>2015-10-16T05:45:54.772</TimeStamp>
			<ErrorLevel>FUNCTIONAL</ErrorLevel>
			<ErrorID>300</ErrorID>
			<ErrorText>No data found</ErrorText>
			<ErrorClass>DataNotFound</ErrorClass>
			<DataPayLoad>20151016 114554 No entries found: [No valid contracts
				found for the given Service Agreement ID] [TXID 11412662]
			</DataPayLoad>
		</EIAError>

	</MessageBody>
	<MessageTrailer />
</EIAMessage>
