<?xml version="1.0" encoding="UTF-8"?><EIAMessage><MessageHeader><MessageID>8453648</MessageID><TimeStamp>2013-12-19T10:52:39.602</TimeStamp><MessageType>error</MessageType><ServiceDescriptor><ServiceID>es</ServiceID><MajorVersion>10</MajorVersion><MinorVersion>1</MinorVersion></ServiceDescriptor><MessageSecurity><SecurityCredentials><UserName>es</UserName><UserPassword>es</UserPassword></SecurityCredentials></MessageSecurity></MessageHeader><MessageBody><EIAError><TimeStamp>2013-12-19T10:52:39.514</TimeStamp><ErrorLevel>FUNCTIONAL</ErrorLevel><ErrorID>300</ErrorID><ErrorText>No data found</ErrorText><ErrorClass>DataNotFound</ErrorClass><DataPayLoad>[TXID 8453648]</DataPayLoad></EIAError></MessageBody><MessageTrailer/></EIAMessage>