<?xml version="1.0" encoding="utf-8"?>
<EIAMessage>
    <MessageHeader>
        <MessageID>test</MessageID>
        <MessageStatus>Processed</MessageStatus>
        <TimeStamp>04-05-2001	11:57:32:279	GMT+02:00</TimeStamp>
        <MessageType>error</MessageType>
        <MessageComment></MessageComment>
        <Routing>
            <SourceSystem>
                <SrcSystemInstance></SrcSystemInstance>
                <SrcSystemType></SrcSystemType>
                <SrcHPEntity></SrcHPEntity>
                <SrcCountry></SrcCountry>
                <SrcSiteName></SrcSiteName>
            </SourceSystem>
        </Routing>
        <ServiceDescriptor>
            <ServiceID>ES</ServiceID>
            <MajorVersion>10</MajorVersion>
            <MinorVersion>0</MinorVersion>
        </ServiceDescriptor>
        <MessageState>
            <Validated></Validated>
        </MessageState>
        <MessageSecurity>
            <SecurityCredentials>
                <UserName>TheMan</UserName>
                <UserPassword></UserPassword>
            </SecurityCredentials>
            <SecurityPrivileges></SecurityPrivileges>
        </MessageSecurity>
    </MessageHeader>
    <MessageBody>
        <EIAError>
            <TimeStamp>2007-06-11T11:51:48.839</TimeStamp>
            <ErrorLevel>FUNCTIONAL</ErrorLevel>
            <ErrorID>300</ErrorID>
            <ErrorText>No data found</ErrorText>
            <ErrorClass>DataNotFound</ErrorClass>
            <DataPayLoad>20070611 035148 No entries found: [No valid contracts found for the given Service Agreement ID] [TXID ID_1_102]</DataPayLoad>
        </EIAError>
    </MessageBody>
  <MessageTrailer/>
</EIAMessage>
