<?xml version="1.0" encoding="UTF-8"?>
<EIAMessage><MessageHeader><MessageID>0</MessageID><TimeStamp>2012-11-21T13:48:00.625</TimeStamp><MessageType>error</MessageType><ServiceDescriptor><ServiceID>es</ServiceID><MajorVersion>10</MajorVersion><MinorVersion>1</MinorVersion></ServiceDescriptor><MessageSecurity><SecurityCredentials><UserName>TheMan</UserName><UserPassword>FromNowhere</UserPassword></SecurityCredentials></MessageSecurity></MessageHeader><MessageBody><EIAError><TimeStamp>2012-11-21T13:48:00.235</TimeStamp><ErrorLevel>FATAL</ErrorLevel><ErrorID>120</ErrorID><ErrorText>Invalid request: Invalid product number: the length of Invalid-ProductID-test is greater than 20</ErrorText><ErrorClass>InvalidDataFormat</ErrorClass><DataPayLoad>[TXID 0]</DataPayLoad></EIAError></MessageBody><MessageTrailer/></EIAMessage>
