<?xml version="1.0" encoding = "UTF-8"?>
<EIAMessage>
    <MessageHeader>
        <MessageID>test</MessageID>
        <MessageStatus></MessageStatus>
        <TimeStamp>03-03-2009	15:04:45	GMT+02:00</TimeStamp>
        <MessageType>reply</MessageType>
        <MessageComment></MessageComment>
        <Routing>
            <SourceSystem>
                <SrcSystemInstance></SrcSystemInstance>
                <SrcSystemType></SrcSystemType>
                <SrcHPEntity></SrcHPEntity>
                <SrcCountry></SrcCountry>
                <SrcSiteName></SrcSiteName>
            </SourceSystem>
        </Routing>
        <ServiceDescriptor>
            <ServiceID>ES</ServiceID>
            <MajorVersion>10</MajorVersion>
            <MinorVersion>0</MinorVersion>
        </ServiceDescriptor>
        <MessageState>
            <Validated></Validated>
        </MessageState>
        <MessageSecurity>
            <SecurityCredentials>
                <UserName>TheMan</UserName>
                <UserPassword>FromNowhere</UserPassword>
            </SecurityCredentials>
            <SecurityPrivileges></SecurityPrivileges>
        </MessageSecurity>
    </MessageHeader>
    <MessageBody>
        <EsReply>
            <EsHeader>
                <InputRequest>
                    <Operation>getContractEntitlement</Operation>
                    <ClientAppID>EsTest</ClientAppID>
                    <ContractRequest>
                        <ContractIdentifierType>SvcAgreementID</ContractIdentifierType>
                        <DataEntrySite></DataEntrySite>
                        <SourceCustomerID></SourceCustomerID>
                        <RedAccessID></RedAccessID>
                        <ActiveContractsOnly>false</ActiveContractsOnly>
                        <ActiveServicesOnly>false</ActiveServicesOnly>
                        <IncludeAddresses>true</IncludeAddresses>
                        <IncludeContacts>true</IncludeContacts>
                        <IncludeOffers>true</IncludeOffers>
                        <IncludeDeliverables>true</IncludeDeliverables>
                        <IncludeModifiers>true</IncludeModifiers>
                        <IncludeWorkings>false</IncludeWorkings>
                        <EntitlementCheckDate>2009-03-23</EntitlementCheckDate>
                        <MNContractSourceDoc>N</MNContractSourceDoc>
                        <ContractIdentifier>103271154728</ContractIdentifier>
                        <ProductID>A3639BR</ProductID>
                        <IncludeUniqueOffers>false</IncludeUniqueOffers>
                        <IncludeUniqueDeliverables>false</IncludeUniqueDeliverables>
                        <IncludeOOSes>true</IncludeOOSes>
                        <StandAloneOffersOnly>false</StandAloneOffersOnly>
                    </ContractRequest>
                </InputRequest>
                <TransactionID>ID_1_101</TransactionID>
            </EsHeader>
            <ContractEntitlement>
                <ActiveContractEntitlement>true</ActiveContractEntitlement>
                <OverallContractStartDate>2008-11-01</OverallContractStartDate>
                <OverallContractEndDate>2009-10-31</OverallContractEndDate>
                <Contract OrdererPersonRef="ID_142_1" SoldToCustomerRef="ID_142_4" SWShipToCustomerRef="ID_142_4" ProductShipToCustomerRef="ID_142_4">
                    <PortfolioFlag>G</PortfolioFlag>
                    <CCRN>0327115470</CCRN>
                    <SvcAgreementID>103271154728</SvcAgreementID>
                    <ActiveContractEntitlement>true</ActiveContractEntitlement>
                    <HeaderStartDate>2008-11-01</HeaderStartDate>
                    <HeaderEndDate>2009-10-31</HeaderEndDate>
                    <SpecialHandling>false</SpecialHandling>
                    <CustServiceAgreement>S</CustServiceAgreement>
                    <OrdererPersonID>0007111246</OrdererPersonID>
                    <SoldToCustomerID>0080010196</SoldToCustomerID>
                    <SWShipToCustomerID>0080010196</SWShipToCustomerID>
                    <ProductShipToCustomerID>0080010196</ProductShipToCustomerID>
                    <OrderingPartyCustomerID>0000000000</OrderingPartyCustomerID>
                    <ProductShipToCountryCode>US</ProductShipToCountryCode>
                    <CdoPublishDate>2009-03-23T00:00:00.000Z</CdoPublishDate>
                    <SvcProductType>PS</SvcProductType>
                    <SvcProductType>SS</SvcProductType>
                    <SvcProductType>SSS</SvcProductType>
                    <ObligationHeader>
                        <SourceObligationID>2050029925</SourceObligationID>
                        <ObligationType>C</ObligationType>
                        <CCRN>0327115470</CCRN>
                        <CustPurchaseOrder>TESTPODLC</CustPurchaseOrder>
                        <HeaderStartDate>2008-11-01</HeaderStartDate>
                        <HeaderEndDate>2009-10-31</HeaderEndDate>
                        <ContractStatus>I</ContractStatus>
                        <ActiveObligation>true</ActiveObligation>
                        <ChannelProfile>H</ChannelProfile>
                        <ServiceItem OfferRef="ID_142_6">
                            <Item>000010</Item>
                        </ServiceItem>
                        <ServiceItem OfferRef="ID_142_7">
                            <Item>000020</Item>
                            <AssociatedPkgItem>000010</AssociatedPkgItem>
                        </ServiceItem>
                        <ServiceItem OfferRef="ID_142_8">
                            <Item>000040</Item>
                            <AssociatedPkgItem>000010</AssociatedPkgItem>
                        </ServiceItem>
                    </ObligationHeader>
                    <Offer id="ID_142_6">
                        <OfferCode>HA106AC</OfferCode>
                        <OfferDescription>HP Software Support</OfferDescription>
                        <SvcProductType>PS</SvcProductType>
                        <SvcProductLine>72</SvcProductLine>
                        <StandAloneOffer>false</StandAloneOffer>
                        <IncidentBasedOffer>false</IncidentBasedOffer>
                        <ServiceQuantity>1</ServiceQuantity>
                        <AvailableQuantity>1</AvailableQuantity>
                    </Offer>
                    <Offer id="ID_142_7">
                        <OfferCode>HA158AC</OfferCode>
                        <OfferDescription>HP Software Technical Unlimited Support</OfferDescription>
                        <SvcProductType>SS</SvcProductType>
                        <SvcProductLine>72</SvcProductLine>
                        <StandAloneOffer>false</StandAloneOffer>
                        <IncidentBasedOffer>false</IncidentBasedOffer>
                        <ServiceQuantity>1</ServiceQuantity>
                        <AvailableQuantity>1</AvailableQuantity>
                        <Deliverable>
                            <DelivCode>GIS_STS_UNL_SW_TECH_SUPPORT</DelivCode>
                            <DelivName>SW Technical Support</DelivName>
                            <DelivValue>Y</DelivValue>
                            <DelivModifier>
                                <ModName>COV_WINDOW5</ModName>
                                <ModValue>STD</ModValue>
                                <ModDesc>Std Office Hrs Std Office Days</ModDesc>
                            </DelivModifier>
                            <DelivModifier>
                                <ModName>GIS_STS_UNL_ADDL_NAMED_CALLERS</ModName>
                                <ModValue>1</ModValue>
                                <ModDesc>Additional Named Caller</ModDesc>
                            </DelivModifier>
                            <DelivModifier>
                                <ModName>GIS_STS_UNL_NAMED_CALLERS</ModName>
                                <ModValue>3</ModValue>
                                <ModDesc>Three Named Callers</ModDesc>
                            </DelivModifier>
                            <DelivModifier>
                                <ModName>GIS_STS_UNL_DELRESP_ONSITE</ModName>
                                <ModValue>NA</ModValue>
                                <ModDesc>NextAvail TechResource Onsite</ModDesc>
                            </DelivModifier>
                            <DelivModifier>
                                <ModName>GIS_STS_UNL_DELRESP_REMOTE</ModName>
                                <ModValue>NA</ModValue>
                                <ModDesc>NextAvail TechResource Remote</ModDesc>
                            </DelivModifier>
                            <DelivModifier>
                                <ModName>RESPONSE_TIME</ModName>
                                <ModValue>2HR</ModValue>
                                <ModDesc>Standard Response</ModDesc>
                            </DelivModifier>
                        </Deliverable>
                        <Deliverable>
                            <DelivCode>GIS_STS_UNL_SW_ELEC_SUPPORT</DelivCode>
                            <DelivName>SW Electronic Support</DelivName>
                            <DelivValue>Y</DelivValue>
                        </Deliverable>
                        <AppliesTo OOSRef="ID_142_5">
                            <StartDate>2008-11-01</StartDate>
                            <EndDate>2009-10-31</EndDate>
                            <Status>I</Status>
                            <ActiveAppliesTo>true</ActiveAppliesTo>
                            <OOSKey>000000000660209672</OOSKey>
                            <ProfitCenter>
                                <Entity>31</Entity>
                                <SubEntity>44</SubEntity>
                                <Department>8MTT</Department>
                                <Workforce>02</Workforce>
                            </ProfitCenter>
                        </AppliesTo>
                    </Offer>
                    <Offer id="ID_142_8">
                        <OfferCode>HA156AC</OfferCode>
                        <OfferDescription>HP Software Updates Service</OfferDescription>
                        <SvcProductType>SSS</SvcProductType>
                        <SvcProductLine>72</SvcProductLine>
                        <StandAloneOffer>true</StandAloneOffer>
                        <IncidentBasedOffer>false</IncidentBasedOffer>
                        <ServiceQuantity>1</ServiceQuantity>
                        <AvailableQuantity>1</AvailableQuantity>
                        <Deliverable>
                            <DelivCode>GIS_SWUPD_LICENSE_UPDATE</DelivCode>
                            <DelivName>License to Use &amp; SW Updates</DelivName>
                            <DelivValue>Y</DelivValue>
                            <DelivModifier>
                                <ModName>GIS_SWUPD_DOCUMENTATION_MEDIA</ModName>
                                <ModValue>COMM</ModValue>
                                <ModDesc>HP Recommended Doc Upd Method</ModDesc>
                            </DelivModifier>
                            <DelivModifier>
                                <ModName>GIS_SWUPD_SW_UPDATE_MEDIA</ModName>
                                <ModValue>COMM</ModValue>
                                <ModDesc>HP Recommended SW Upd Method</ModDesc>
                            </DelivModifier>
                        </Deliverable>
                        <Deliverable>
                            <DelivCode>GIS_SWUPD_ELEC_SW_INFO</DelivCode>
                            <DelivName>Electronic SW Information</DelivName>
                            <DelivValue>Y</DelivValue>
                        </Deliverable>
                        <AppliesTo OOSRef="ID_142_5">
                            <StartDate>2008-11-01</StartDate>
                            <EndDate>2009-10-31</EndDate>
                            <Status>I</Status>
                            <ActiveAppliesTo>true</ActiveAppliesTo>
                            <OOSKey>000000000660209672</OOSKey>
                            <ProfitCenter>
                                <Entity>31</Entity>
                                <SubEntity>44</SubEntity>
                                <Department>8MTT</Department>
                                <Workforce>02</Workforce>
                            </ProfitCenter>
                        </AppliesTo>
                    </Offer>
                </Contract>
                <Location id="ID_142_4">
                    <SourceCustomerID>0080010196</SourceCustomerID>
                    <SiteBusinessName1>AT&amp;T WIRELESS</SiteBusinessName1>
                    <FmtAddrLine1>AT&amp;T WIRELESS</FmtAddrLine1>
                    <FmtAddrLine2>800 VENTURE DR</FmtAddrLine2>
                    <FmtAddrLine3>ALLEN TX  75013-1154</FmtAddrLine3>
                    <FmtAddrLine4>UNITED STATES</FmtAddrLine4>
                    <StreetAddr1>800 VENTURE DR</StreetAddr1>
                    <City>ALLEN</City>
                    <GeographicArea>TX</GeographicArea>
                    <PostalCode>75013-1154</PostalCode>
                    <IsoCountryCd>US</IsoCountryCd>
                </Location>
                <Contact id="ID_142_1">
                    <SourcePersonID>0007111246</SourcePersonID>
                    <FullName>ANGEL STAR AT&amp;T WIRELESS  </FullName>
                    <PhoneNumber>+14252886497</PhoneNumber>
                </Contact>
                <Contact id="ID_142_2">
                    <SourcePersonID>HPSR44DEF</SourcePersonID>
                    <FullName>SPECIALTY/US HPS  DEFAULT x  </FullName>
                </Contact>
                <Contact id="ID_142_3">
                    <SourcePersonID>EN586110</SourcePersonID>
                    <FullName>Don Clickner   </FullName>
                </Contact>
                <OOS id="ID_142_5">
                    <OOSKey>000000000660209672</OOSKey>
                    <OOSType>HW</OOSType>
                    <SerialNumber>DLC12345667</SerialNumber>
                    <TargetQuantity>1</TargetQuantity>
                    <OOSGroupID>DLC TEST</OOSGroupID>
                    <Product>
                        <ProductID>A3639BR</ProductID>
                        <ProductDescription>Rmkt HP9000 N4000(360/440/550) Ent Serv</ProductDescription>
                        <ProductLineCode>2M</ProductLineCode>
                        <ProductLineDescription>HP 9000 Solutions</ProductLineDescription>
                    </Product>
                </OOS>
            </ContractEntitlement>
        </EsReply>
    </MessageBody>
    <MessageTrailer/>
</EIAMessage>
