<?xml version="1.0" encoding = "UTF-8"?>
<EIAMessage>
    <MessageHeader>
        <MessageID>test</MessageID>
        <MessageStatus></MessageStatus>
        <TimeStamp>04-05-2001	11:57:32:279	GMT+02:00</TimeStamp>
        <MessageType>error</MessageType>
        <MessageComment></MessageComment>
        <Routing>
            <SourceSystem>
                <SrcSystemInstance></SrcSystemInstance>
                <SrcSystemType></SrcSystemType>
                <SrcHPEntity></SrcHPEntity>
                <SrcCountry></SrcCountry>
                <SrcSiteName></SrcSiteName>
            </SourceSystem>
        </Routing>
        <ServiceDescriptor>
            <ServiceID>ES</ServiceID>
            <MajorVersion>10</MajorVersion>
            <MinorVersion>1</MinorVersion>
        </ServiceDescriptor>
        <MessageState>
            <Validated></Validated>
        </MessageState>
        <MessageSecurity>
            <SecurityCredentials>
                <UserName>es</UserName>
                <UserPassword>es</UserPassword>
            </SecurityCredentials>
            <SecurityPrivileges></SecurityPrivileges>
        </MessageSecurity>
    </MessageHeader>
    <MessageBody>
        <EIAError>
            <TimeStamp>2010-05-21T13:19:33.295</TimeStamp>
            <ErrorLevel>FUNCTIONAL</ErrorLevel>
            <ErrorID>201</ErrorID>
            <ErrorText>Parameter contains invalid data: (could not determine which)</ErrorText>
            <ErrorClass>InvalidDataContent</ErrorClass>
            <DataPayLoad>org.exolab.castor.xml.MarshalException: DateDescriptor#setValue: wrong valueBad Date format: '20070-05-14' '-'  is wrongly placed.</DataPayLoad>
        </EIAError>
    </MessageBody>
    <MessageTrailer/>
</EIAMessage>
