<?xml version="1.0" encoding = "UTF-8"?>
<EIAMessage><MessageHeader><MessageID>7594463</MessageID><TimeStamp>2012-11-20T22:10:37.388</TimeStamp><MessageType>error</MessageType><ServiceDescriptor><ServiceID>es</ServiceID><MajorVersion>10</MajorVersion><MinorVersion>1</MinorVersion></ServiceDescriptor><MessageSecurity><SecurityCredentials><UserName>es</UserName><UserPassword>es</UserPassword></SecurityCredentials></MessageSecurity></MessageHeader><MessageBody><EIAError><TimeStamp>2012-11-20T22:10:37.300</TimeStamp><ErrorLevel>FUNCTIONAL</ErrorLevel><ErrorID>300</ErrorID><ErrorText>No data found</ErrorText><ErrorClass>DataNotFound</ErrorClass><DataPayLoad>20121121 111037 No entries found: [No valid contracts found for the given Service Agreement ID] [TXID 7594464]</DataPayLoad></EIAError></MessageBody><MessageTrailer/></EIAMessage>
