<?xml version="1.0" encoding="UTF-8"?><EIAMessage><MessageHeader><MessageID>8453709</MessageID><TimeStamp>2013-12-19T10:54:47.009</TimeStamp><MessageType>error</MessageType><ServiceDescriptor><ServiceID>es</ServiceID><MajorVersion>10</MajorVersion><MinorVersion>1</MinorVersion></ServiceDescriptor><MessageSecurity><SecurityCredentials><UserName>es</UserName><UserPassword>es</UserPassword></SecurityCredentials></MessageSecurity></MessageHeader><MessageBody><EIAError><TimeStamp>2013-12-19T10:54:46.968</TimeStamp><ErrorLevel>FUNCTIONAL</ErrorLevel><ErrorID>300</ErrorID><ErrorText>No data found</ErrorText><ErrorClass>DataNotFound</ErrorClass><DataPayLoad>20131219 235446 No entries found: [No valid contracts found for the given Service Agreement ID] [TXID 8453709]</DataPayLoad></EIAError></MessageBody><MessageTrailer/></EIAMessage>