<?xml version="1.0" encoding="UTF-8" ?>
<EIAMessage>
    <MessageHeader>
	<MessageID>test</MessageID>
	<MessageStatus></MessageStatus>
	<TimeStamp>04-12-2006	15:04:45	GMT+0:00</TimeStamp>
        <MessageType>reply</MessageType>
	<MessageComment></MessageComment>
	<Routing>
		<SourceSystem>
			<SrcSystemInstance></SrcSystemInstance>
			<SrcSystemType></SrcSystemType>
			<SrcHPEntity></SrcHPEntity>
			<SrcCountry></SrcCountry>
			<SrcSiteName></SrcSiteName>
		</SourceSystem>	
	</Routing>
	<ServiceDescriptor>
		<ServiceID>ES</ServiceID>
		<MajorVersion>5</MajorVersion>
		<MinorVersion>0</MinorVersion>
	</ServiceDescriptor>
	<MessageState>
		<Validated></Validated>
	</MessageState>
        <MessageSecurity>
            <SecurityCredentials>
                <UserName>TheMan</UserName>
                <UserPassword>FromNowhere</UserPassword>
            </SecurityCredentials>
            <SecurityPrivileges></SecurityPrivileges>
        </MessageSecurity>
    </MessageHeader>

	<MessageBody>
        <EsReply>
            <EsHeader>
                <InputRequest>
                    <Operation>getContractEntitlement</Operation>
                    <ClientAppID>EsTest</ClientAppID>
                    <ContractRequest>
                        <IncludeAddresses>true</IncludeAddresses>
                        <IncludeContacts>true</IncludeContacts>
                        <IncludeOffers>true</IncludeOffers>
                        <IncludeDeliverables>true</IncludeDeliverables>
                        <IncludeModifiers>true</IncludeModifiers>
                        <IncludeWorkings>true</IncludeWorkings>
                        <EntitlementCheckDate>2006-05-02</EntitlementCheckDate>
                        <ContractIdentifier>103207189837</ContractIdentifier>
                        <IncludeOOSes>true</IncludeOOSes>
                    </ContractRequest>
                </InputRequest>
                <TransactionID>ID_1_40</TransactionID>
            </EsHeader>
            <ContractEntitlement>
                <ActiveContractEntitlement>true</ActiveContractEntitlement>
                <OverallContractStartDate>2005-06-16</OverallContractStartDate>
                <OverallContractEndDate>2008-06-30</OverallContractEndDate>
                <Contract SWShipToPersonRef="ID_51_4" HWShipToPersonRef="ID_51_4">
                    <PortfolioFlag>G</PortfolioFlag>
                    <CCRN>0320718980</CCRN>
                    <SvcAgreementID>103207189837</SvcAgreementID>
                    <DataEntrySite>3135</DataEntrySite>
                    <ActiveContractEntitlement>true</ActiveContractEntitlement>
                    <HeaderStartDate>2005-06-16</HeaderStartDate>
                    <HeaderEndDate>2008-06-30</HeaderEndDate>
                    <SpecialHandling>false</SpecialHandling>
                    <HWShipToPersonID>0007351901</HWShipToPersonID>
                    <SoldToCustomerID>0135005255</SoldToCustomerID>
                    <SWShipToCustomerID>UPFRONT-SC</SWShipToCustomerID>
                    <ProductShipToCustomerID>UPFRONT-SC</ProductShipToCustomerID>
                    <OrderingPartyCustomerID>UPFRONT-SC</OrderingPartyCustomerID>
                    <CdoPublishDate>2005-11-04T00:00:00.000Z</CdoPublishDate>
                    <SvcProductType>PS</SvcProductType>
                    <SvcProductType>HS</SvcProductType>
                    <SvcProductType>SSS</SvcProductType>
                    <SvcProductType>SS</SvcProductType>
                    <ObligationHeader>
                        <SourceObligationID>0050996518</SourceObligationID>
                        <ObligationType>C</ObligationType>
                        <CCRN>0320718980</CCRN>
                        <CustPurchaseOrder>PO113609</CustPurchaseOrder>
                        <OriginatingOrder>44R113020001</OriginatingOrder>
                        <HeaderStartDate>2005-06-16</HeaderStartDate>
                        <HeaderEndDate>2008-06-30</HeaderEndDate>
                        <ContractStatus>A</ContractStatus>
                        <ActiveObligation>true</ActiveObligation>
                        <ChannelProfile>H</ChannelProfile>
                        <ServiceItem OfferRef="ID_51_29">
                            <Item>000010</Item>
                            <AssociatedPkgItem>000000</AssociatedPkgItem>
                        </ServiceItem>
                        <ServiceItem OfferRef="ID_51_30">
                            <Item>000030</Item>
                            <AssociatedPkgItem>000010</AssociatedPkgItem>
                        </ServiceItem>
                        <ServiceItem OfferRef="ID_51_31">
                            <Item>000230</Item>
                            <AssociatedPkgItem>000010</AssociatedPkgItem>
                        </ServiceItem>
                        <ServiceItem OfferRef="ID_51_32">
                            <Item>000310</Item>
                            <AssociatedPkgItem>000010</AssociatedPkgItem>
                        </ServiceItem>
                    </ObligationHeader>
                    <Offer id="ID_51_29">
                        <OfferCode>HA110A3</OfferCode>
                        <OfferDescription>HP CP 3Y Support Plus 24</OfferDescription>
                        <SvcProductType>PS</SvcProductType>
                        <SvcProductLine>72</SvcProductLine>
                        <StandAloneOffer>false</StandAloneOffer>
                        <IncidentBasedOffer>false</IncidentBasedOffer>
                        <ServiceQuantity>1</ServiceQuantity>
                        <AvailableQuantity>1</AvailableQuantity>
                        <Modifier>
                            <ModName>CATS_OPTIONS</ModName>
                            <ModValue>0BC</ModValue>
                            <ModDesc>HPUX Bse OE/proc for RX2600</ModDesc>
                        </Modifier>
                        <Modifier>
                            <ModName>CATS_OPTIONS</ModName>
                            <ModValue>AAF</ModValue>
                            <ModDesc>HPUX Bse OE/proc for RX2600</ModDesc>
                        </Modifier>
                        <Modifier>
                            <ModName>CATS_OPTIONS</ModName>
                            <ModValue>6BT</ModValue>
                            <ModDesc>HPUX Bse OE/proc for RX2600</ModDesc>
                        </Modifier>
                        <Modifier>
                            <ModName>CATS_OPTIONS</ModName>
                            <ModValue>6BV</ModValue>
                            <ModDesc>HPUX Bse OE/proc for RX2600</ModDesc>
                        </Modifier>
                    </Offer>
                    <Offer id="ID_51_30">
                        <OfferCode>HA151AC</OfferCode>
                        <OfferDescription>HP Hardware Maintenance Onsite Support</OfferDescription>
                        <SvcProductType>HS</SvcProductType>
                        <SvcProductLine>72</SvcProductLine>
                        <StandAloneOffer>false</StandAloneOffer>
                        <IncidentBasedOffer>false</IncidentBasedOffer>
                        <ServiceQuantity>1</ServiceQuantity>
                        <AvailableQuantity>1</AvailableQuantity>
                        <Modifier>
                            <ModName>GIS_HWMON_DEL_RESP_METH_ONSITE</ModName>
                            <ModValue>NA</ModValue>
                            <ModDesc>NextAvail TechResource Onsite</ModDesc>
                        </Modifier>
                        <Modifier>
                            <ModName>RESPONSE_TIME</ModName>
                            <ModValue>4HR</ModValue>
                            <ModDesc>4 Hr Onsite Response</ModDesc>
                        </Modifier>
                        <Modifier>
                            <ModName>GIS_HWMON_DEL_RESP_METH_REMOTE</ModName>
                            <ModValue>NA</ModValue>
                            <ModDesc>NextAvail TechResource Remote</ModDesc>
                        </Modifier>
                        <Modifier>
                            <ModName>REPAIR_TIME</ModName>
                            <ModValue>NSR</ModValue>
                            <ModDesc>No Specified Repair Time</ModDesc>
                        </Modifier>
                        <Modifier>
                            <ModName>RESTORATION_TIME</ModName>
                            <ModValue>NSR</ModValue>
                            <ModDesc>No Restoration</ModDesc>
                        </Modifier>
                        <Modifier>
                            <ModName>GIS_HWMON_GEOGRAPHIC_COVERAGE</ModName>
                            <ModValue>CNT</ModValue>
                            <ModDesc>Country Coverage</ModDesc>
                        </Modifier>
                        <Modifier>
                            <ModName>GIS_HWMON_SPECIAL_COVERAGE</ModName>
                            <ModValue>NSC</ModValue>
                            <ModDesc>No Special Coverage</ModDesc>
                        </Modifier>
                        <Modifier>
                            <ModName>GIS_HWMON_MATERIAL_HANDLING</ModName>
                            <ModValue>STD</ModValue>
                            <ModDesc>Standard Material Handling</ModDesc>
                        </Modifier>
                        <Modifier>
                            <ModName>GIS_HWMON_ISEE</ModName>
                            <ModValue>SC</ModValue>
                            <ModDesc>ISEE Standard Configuration</ModDesc>
                        </Modifier>
                        <Modifier>
                            <ModName>GIS_HWMON_PARTS_LOGISTICS</ModName>
                            <ModValue>STD</ModValue>
                            <ModDesc>Standard Parts Logistics</ModDesc>
                        </Modifier>
                        <Modifier>
                            <ModName>GIS_HWMON_ACCESS_TO_ITRC</ModName>
                            <ModValue>STD</ModValue>
                            <ModDesc>Standard Access to ITRC (HW)</ModDesc>
                        </Modifier>
                        <Modifier>
                            <ModName>GIS_HWMON_USAGE_LIMITATIONS</ModName>
                            <ModValue>NL</ModValue>
                            <ModDesc>No Usage Limitation</ModDesc>
                        </Modifier>
                        <Modifier>
                            <ModName>COV_WINDOW6D</ModName>
                            <ModValue>24</ModValue>
                            <ModDesc>24 hrs, Day 6</ModDesc>
                        </Modifier>
                        <Modifier>
                            <ModName>COV_WINDOW7D</ModName>
                            <ModValue>24</ModValue>
                            <ModDesc>24 hrs, Day 7</ModDesc>
                        </Modifier>
                        <Modifier>
                            <ModName>COV_WINDOWHOL</ModName>
                            <ModValue>Y</ModValue>
                            <ModDesc>Holidays Covered</ModDesc>
                        </Modifier>
                        <Modifier>
                            <ModName>COV_WINDOW5</ModName>
                            <ModValue>24</ModValue>
                            <ModDesc>24 Hrs Std Office Days</ModDesc>
                        </Modifier>
                        <Deliverable>
                            <DelivCode>GIS_HWMON_PROBLEM_DIAGNOSIS</DelivCode>
                            <DelivName>Hardware Problem Diagnosis</DelivName>
                            <DelivValue>Y</DelivValue>
                        </Deliverable>
                        <Deliverable>
                            <DelivCode>GIS_HWMON_ONSITE_SUPPORT</DelivCode>
                            <DelivName>Onsite Support</DelivName>
                            <DelivValue>Y</DelivValue>
                        </Deliverable>
                        <Deliverable>
                            <DelivCode>GIS_HWMON_MATERIAL</DelivCode>
                            <DelivName>Parts and Material provided</DelivName>
                            <DelivValue>Y</DelivValue>
                        </Deliverable>
                        <AppliesTo OOSRef="ID_51_7">
                            <StartDate>2005-06-16</StartDate>
                            <EndDate>2008-06-30</EndDate>
                            <Status>R</Status>
                            <ActiveAppliesTo>false</ActiveAppliesTo>
                            <OOSKey>000000000618532808</OOSKey>
                            <ProfitCenter>
                                <Entity>31</Entity>
                                <SubEntity>44</SubEntity>
                                <Department>8YTT</Department>
                                <Workforce>02</Workforce>
                            </ProfitCenter>
                        </AppliesTo>
                        <AppliesTo OOSRef="ID_51_8">
                            <StartDate>2005-06-16</StartDate>
                            <EndDate>2008-06-30</EndDate>
                            <Status>R</Status>
                            <ActiveAppliesTo>false</ActiveAppliesTo>
                            <OOSKey>000000000618532809</OOSKey>
                            <ProfitCenter>
                                <Entity>31</Entity>
                                <SubEntity>44</SubEntity>
                                <Department>8YTT</Department>
                                <Workforce>02</Workforce>
                            </ProfitCenter>
                        </AppliesTo>
                        <AppliesTo OOSRef="ID_51_15">
                            <StartDate>2005-06-16</StartDate>
                            <EndDate>2008-06-30</EndDate>
                            <Status>R</Status>
                            <ActiveAppliesTo>false</ActiveAppliesTo>
                            <OOSKey>000000000618550304</OOSKey>
                            <ProfitCenter>
                                <Entity>31</Entity>
                                <SubEntity>44</SubEntity>
                                <Department>8YTT</Department>
                                <Workforce>02</Workforce>
                            </ProfitCenter>
                        </AppliesTo>
                        <AppliesTo OOSRef="ID_51_16">
                            <StartDate>2005-06-16</StartDate>
                            <EndDate>2008-06-30</EndDate>
                            <Status>R</Status>
                            <ActiveAppliesTo>false</ActiveAppliesTo>
                            <OOSKey>000000000618550305</OOSKey>
                            <ProfitCenter>
                                <Entity>31</Entity>
                                <SubEntity>44</SubEntity>
                                <Department>8YTT</Department>
                                <Workforce>02</Workforce>
                            </ProfitCenter>
                        </AppliesTo>
                        <AppliesTo OOSRef="ID_51_17">
                            <StartDate>2005-06-16</StartDate>
                            <EndDate>2008-06-30</EndDate>
                            <Status>R</Status>
                            <ActiveAppliesTo>false</ActiveAppliesTo>
                            <OOSKey>000000000618550306</OOSKey>
                            <ProfitCenter>
                                <Entity>31</Entity>
                                <SubEntity>44</SubEntity>
                                <Department>8YTT</Department>
                                <Workforce>02</Workforce>
                            </ProfitCenter>
                        </AppliesTo>
                        <AppliesTo OOSRef="ID_51_12">
                            <StartDate>2005-06-16</StartDate>
                            <EndDate>2008-06-30</EndDate>
                            <Status>R</Status>
                            <ActiveAppliesTo>false</ActiveAppliesTo>
                            <OOSKey>000000000618532813</OOSKey>
                            <ProfitCenter>
                                <Entity>31</Entity>
                                <SubEntity>44</SubEntity>
                                <Department>8YTT</Department>
                                <Workforce>02</Workforce>
                            </ProfitCenter>
                        </AppliesTo>
                        <AppliesTo OOSRef="ID_51_14">
                            <StartDate>2005-06-16</StartDate>
                            <EndDate>2008-06-30</EndDate>
                            <Status>R</Status>
                            <ActiveAppliesTo>false</ActiveAppliesTo>
                            <OOSKey>000000000618532815</OOSKey>
                            <ProfitCenter>
                                <Entity>31</Entity>
                                <SubEntity>44</SubEntity>
                                <Department>8YTT</Department>
                                <Workforce>02</Workforce>
                            </ProfitCenter>
                        </AppliesTo>
                        <AppliesTo OOSRef="ID_51_13">
                            <StartDate>2005-06-16</StartDate>
                            <EndDate>2008-06-30</EndDate>
                            <Status>R</Status>
                            <ActiveAppliesTo>false</ActiveAppliesTo>
                            <OOSKey>000000000618532814</OOSKey>
                            <ProfitCenter>
                                <Entity>31</Entity>
                                <SubEntity>44</SubEntity>
                                <Department>8YTT</Department>
                                <Workforce>02</Workforce>
                            </ProfitCenter>
                        </AppliesTo>
                        <AppliesTo OOSRef="ID_51_11">
                            <StartDate>2005-06-16</StartDate>
                            <EndDate>2008-06-30</EndDate>
                            <Status>R</Status>
                            <ActiveAppliesTo>false</ActiveAppliesTo>
                            <OOSKey>000000000618532812</OOSKey>
                            <ProfitCenter>
                                <Entity>31</Entity>
                                <SubEntity>44</SubEntity>
                                <Department>8YTT</Department>
                                <Workforce>02</Workforce>
                            </ProfitCenter>
                        </AppliesTo>
                        <AppliesTo OOSRef="ID_51_10">
                            <StartDate>2005-06-16</StartDate>
                            <EndDate>2008-06-30</EndDate>
                            <Status>R</Status>
                            <ActiveAppliesTo>false</ActiveAppliesTo>
                            <OOSKey>000000000618532811</OOSKey>
                            <ProfitCenter>
                                <Entity>31</Entity>
                                <SubEntity>44</SubEntity>
                                <Department>8YTT</Department>
                                <Workforce>02</Workforce>
                            </ProfitCenter>
                        </AppliesTo>
                        <AppliesTo OOSRef="ID_51_9">
                            <StartDate>2005-06-16</StartDate>
                            <EndDate>2008-06-30</EndDate>
                            <Status>R</Status>
                            <ActiveAppliesTo>false</ActiveAppliesTo>
                            <OOSKey>000000000618532810</OOSKey>
                            <ProfitCenter>
                                <Entity>31</Entity>
                                <SubEntity>44</SubEntity>
                                <Department>8YTT</Department>
                                <Workforce>02</Workforce>
                            </ProfitCenter>
                        </AppliesTo>
                        <AppliesTo OOSRef="ID_51_18">
                            <StartDate>2005-06-16</StartDate>
                            <EndDate>2008-06-30</EndDate>
                            <Status>R</Status>
                            <ActiveAppliesTo>false</ActiveAppliesTo>
                            <OOSKey>000000000618550307</OOSKey>
                            <ProfitCenter>
                                <Entity>31</Entity>
                                <SubEntity>44</SubEntity>
                                <Department>8YTT</Department>
                                <Workforce>02</Workforce>
                            </ProfitCenter>
                        </AppliesTo>
                        <AppliesTo OOSRef="ID_51_19">
                            <StartDate>2005-06-16</StartDate>
                            <EndDate>2008-06-30</EndDate>
                            <Status>R</Status>
                            <ActiveAppliesTo>false</ActiveAppliesTo>
                            <OOSKey>000000000618550308</OOSKey>
                            <ProfitCenter>
                                <Entity>31</Entity>
                                <SubEntity>44</SubEntity>
                                <Department>8YTT</Department>
                                <Workforce>02</Workforce>
                            </ProfitCenter>
                        </AppliesTo>
                        <AppliesTo OOSRef="ID_51_20">
                            <StartDate>2005-06-16</StartDate>
                            <EndDate>2008-06-30</EndDate>
                            <Status>R</Status>
                            <ActiveAppliesTo>false</ActiveAppliesTo>
                            <OOSKey>000000000618550309</OOSKey>
                            <ProfitCenter>
                                <Entity>31</Entity>
                                <SubEntity>44</SubEntity>
                                <Department>8YTT</Department>
                                <Workforce>02</Workforce>
                            </ProfitCenter>
                        </AppliesTo>
                        <AppliesTo OOSRef="ID_51_21">
                            <StartDate>2005-06-16</StartDate>
                            <EndDate>2008-06-30</EndDate>
                            <Status>R</Status>
                            <ActiveAppliesTo>false</ActiveAppliesTo>
                            <OOSKey>000000000618550310</OOSKey>
                            <ProfitCenter>
                                <Entity>31</Entity>
                                <SubEntity>44</SubEntity>
                                <Department>8YTT</Department>
                                <Workforce>02</Workforce>
                            </ProfitCenter>
                        </AppliesTo>
                        <AppliesTo OOSRef="ID_51_22">
                            <StartDate>2005-06-16</StartDate>
                            <EndDate>2008-06-30</EndDate>
                            <Status>R</Status>
                            <ActiveAppliesTo>false</ActiveAppliesTo>
                            <OOSKey>000000000618550311</OOSKey>
                            <ProfitCenter>
                                <Entity>31</Entity>
                                <SubEntity>44</SubEntity>
                                <Department>8YTT</Department>
                                <Workforce>02</Workforce>
                            </ProfitCenter>
                        </AppliesTo>
                        <AppliesTo OOSRef="ID_51_23">
                            <StartDate>2005-06-16</StartDate>
                            <EndDate>2008-06-30</EndDate>
                            <Status>R</Status>
                            <ActiveAppliesTo>false</ActiveAppliesTo>
                            <OOSKey>000000000618550312</OOSKey>
                            <ProfitCenter>
                                <Entity>31</Entity>
                                <SubEntity>44</SubEntity>
                                <Department>8YTT</Department>
                                <Workforce>02</Workforce>
                            </ProfitCenter>
                        </AppliesTo>
                        <AppliesTo OOSRef="ID_51_24">
                            <StartDate>2005-06-16</StartDate>
                            <EndDate>2008-06-30</EndDate>
                            <Status>R</Status>
                            <ActiveAppliesTo>false</ActiveAppliesTo>
                            <OOSKey>000000000618550313</OOSKey>
                            <ProfitCenter>
                                <Entity>31</Entity>
                                <SubEntity>44</SubEntity>
                                <Department>8YTT</Department>
                                <Workforce>02</Workforce>
                            </ProfitCenter>
                        </AppliesTo>
                        <AppliesTo OOSRef="ID_51_25">
                            <StartDate>2005-06-16</StartDate>
                            <EndDate>2008-06-30</EndDate>
                            <Status>R</Status>
                            <ActiveAppliesTo>false</ActiveAppliesTo>
                            <OOSKey>000000000618550314</OOSKey>
                            <ProfitCenter>
                                <Entity>31</Entity>
                                <SubEntity>44</SubEntity>
                                <Department>8YTT</Department>
                                <Workforce>02</Workforce>
                            </ProfitCenter>
                        </AppliesTo>
                    </Offer>
                    <Offer id="ID_51_31">
                        <OfferCode>HA156AC</OfferCode>
                        <OfferDescription>HP Software Updates Service</OfferDescription>
                        <SvcProductType>SSS</SvcProductType>
                        <SvcProductLine>72</SvcProductLine>
                        <StandAloneOffer>false</StandAloneOffer>
                        <IncidentBasedOffer>false</IncidentBasedOffer>
                        <ServiceQuantity>1</ServiceQuantity>
                        <AvailableQuantity>1</AvailableQuantity>
                        <Deliverable>
                            <DelivCode>GIS_SWUPD_LICENSE_UPDATE</DelivCode>
                            <DelivName>License to Use &amp; SW Updates</DelivName>
                            <DelivValue>Y</DelivValue>
                            <DelivModifier>
                                <ModName>GIS_SWUPD_DOCUMENTATION_MEDIA</ModName>
                                <ModValue>COMM</ModValue>
                                <ModDesc>HP Recommended Doc Upd Method</ModDesc>
                            </DelivModifier>
                            <DelivModifier>
                                <ModName>GIS_SWUPD_SW_UPDATE_MEDIA</ModName>
                                <ModValue>COMM</ModValue>
                                <ModDesc>HP Recommended SW Upd Method</ModDesc>
                            </DelivModifier>
                        </Deliverable>
                        <Deliverable>
                            <DelivCode>GIS_SWUPD_ELEC_SW_INFO</DelivCode>
                            <DelivName>Electronic SW Information</DelivName>
                            <DelivValue>Y</DelivValue>
                        </Deliverable>
                        <AppliesTo OOSRef="ID_51_22">
                            <StartDate>2005-06-16</StartDate>
                            <EndDate>2008-06-30</EndDate>
                            <Status>R</Status>
                            <ActiveAppliesTo>false</ActiveAppliesTo>
                            <OOSKey>000000000618550311</OOSKey>
                            <ProfitCenter>
                                <Entity>31</Entity>
                                <SubEntity>44</SubEntity>
                                <Department>8YTT</Department>
                                <Workforce>02</Workforce>
                            </ProfitCenter>
                        </AppliesTo>
                        <AppliesTo OOSRef="ID_51_22">
                            <StartDate>2005-06-16</StartDate>
                            <EndDate>2008-06-30</EndDate>
                            <Status>R</Status>
                            <ActiveAppliesTo>false</ActiveAppliesTo>
                            <OOSKey>000000000618550311</OOSKey>
                            <ProfitCenter>
                                <Entity>31</Entity>
                                <SubEntity>44</SubEntity>
                                <Department>8YTT</Department>
                                <Workforce>02</Workforce>
                            </ProfitCenter>
                        </AppliesTo>
                        <AppliesTo OOSRef="ID_51_22">
                            <StartDate>2005-06-16</StartDate>
                            <EndDate>2008-06-30</EndDate>
                            <Status>R</Status>
                            <ActiveAppliesTo>false</ActiveAppliesTo>
                            <OOSKey>000000000618550311</OOSKey>
                            <ProfitCenter>
                                <Entity>31</Entity>
                                <SubEntity>44</SubEntity>
                                <Department>8YTT</Department>
                                <Workforce>02</Workforce>
                            </ProfitCenter>
                        </AppliesTo>
                        <AppliesTo OOSRef="ID_51_22">
                            <StartDate>2005-06-16</StartDate>
                            <EndDate>2008-06-30</EndDate>
                            <Status>R</Status>
                            <ActiveAppliesTo>false</ActiveAppliesTo>
                            <OOSKey>000000000618550311</OOSKey>
                            <ProfitCenter>
                                <Entity>31</Entity>
                                <SubEntity>44</SubEntity>
                                <Department>8YTT</Department>
                                <Workforce>02</Workforce>
                            </ProfitCenter>
                        </AppliesTo>
                        <AppliesTo OOSRef="ID_51_26">
                            <StartDate>2005-06-16</StartDate>
                            <EndDate>2008-06-30</EndDate>
                            <Status>R</Status>
                            <ActiveAppliesTo>false</ActiveAppliesTo>
                            <OOSKey>000000000618550315</OOSKey>
                            <ProfitCenter>
                                <Entity>31</Entity>
                                <SubEntity>44</SubEntity>
                                <Department>8YTT</Department>
                                <Workforce>02</Workforce>
                            </ProfitCenter>
                        </AppliesTo>
                        <AppliesTo OOSRef="ID_51_27">
                            <StartDate>2005-06-16</StartDate>
                            <EndDate>2008-06-30</EndDate>
                            <Status>R</Status>
                            <ActiveAppliesTo>false</ActiveAppliesTo>
                            <OOSKey>000000000618550316</OOSKey>
                            <ProfitCenter>
                                <Entity>31</Entity>
                                <SubEntity>44</SubEntity>
                                <Department>8YTT</Department>
                                <Workforce>02</Workforce>
                            </ProfitCenter>
                        </AppliesTo>
                        <AppliesTo OOSRef="ID_51_28">
                            <StartDate>2005-06-16</StartDate>
                            <EndDate>2008-06-30</EndDate>
                            <Status>R</Status>
                            <ActiveAppliesTo>false</ActiveAppliesTo>
                            <OOSKey>000000000618550317</OOSKey>
                            <ProfitCenter>
                                <Entity>31</Entity>
                                <SubEntity>44</SubEntity>
                                <Department>8YTT</Department>
                                <Workforce>02</Workforce>
                            </ProfitCenter>
                        </AppliesTo>
                    </Offer>
                    <Offer id="ID_51_32">
                        <OfferCode>HA158AC</OfferCode>
                        <OfferDescription>HP Software Technical Unlimited Support</OfferDescription>
                        <SvcProductType>SS</SvcProductType>
                        <SvcProductLine>72</SvcProductLine>
                        <StandAloneOffer>false</StandAloneOffer>
                        <IncidentBasedOffer>false</IncidentBasedOffer>
                        <ServiceQuantity>1</ServiceQuantity>
                        <AvailableQuantity>1</AvailableQuantity>
                        <Deliverable>
                            <DelivCode>GIS_STS_UNL_SW_TECH_SUPPORT</DelivCode>
                            <DelivName>SW Technical Support</DelivName>
                            <DelivValue>Y</DelivValue>
                            <DelivModifier>
                                <ModName>GIS_STS_UNL_NAMED_CALLERS</ModName>
                                <ModValue>3</ModValue>
                                <ModDesc>Three Named Callers</ModDesc>
                            </DelivModifier>
                            <DelivModifier>
                                <ModName>GIS_STS_UNL_DELRESP_ONSITE</ModName>
                                <ModValue>NA</ModValue>
                                <ModDesc>NextAvail TechResource Onsite</ModDesc>
                            </DelivModifier>
                            <DelivModifier>
                                <ModName>GIS_STS_UNL_DELRESP_REMOTE</ModName>
                                <ModValue>NA</ModValue>
                                <ModDesc>NextAvail TechResource Remote</ModDesc>
                            </DelivModifier>
                            <DelivModifier>
                                <ModName>GIS_STS_UNL_ESCALATION</ModName>
                                <ModValue>ESC</ModValue>
                                <ModDesc>Automatic Escalation</ModDesc>
                            </DelivModifier>
                        </Deliverable>
                        <Deliverable>
                            <DelivCode>GIS_STS_UNL_SW_ELEC_SUPPORT</DelivCode>
                            <DelivName>SW Electronic Support</DelivName>
                            <DelivValue>Y</DelivValue>
                        </Deliverable>
                        <AppliesTo OOSRef="ID_51_28">
                            <StartDate>2005-06-16</StartDate>
                            <EndDate>2008-06-30</EndDate>
                            <Status>R</Status>
                            <ActiveAppliesTo>false</ActiveAppliesTo>
                            <OOSKey>000000000618550317</OOSKey>
                            <ProfitCenter>
                                <Entity>31</Entity>
                                <SubEntity>44</SubEntity>
                                <Department>8YTT</Department>
                                <Workforce>02</Workforce>
                            </ProfitCenter>
                        </AppliesTo>
                    </Offer>
                </Contract>
                <Location id="ID_51_5">
                    <SourceCustomerID>0135005255</SourceCustomerID>
                    <SiteBusinessName1>AT&amp;T EDI Invoicing Only</SiteBusinessName1>
                    <SiteBusinessName3>Accounts Payable EDI Invoicing Only</SiteBusinessName3>
                    <SiteBusinessName4>Room 1W1-300</SiteBusinessName4>
                    <FmtAddrLine1>AT&amp;T EDI Invoicing Only</FmtAddrLine1>
                    <FmtAddrLine2>Accounts Payable EDI Invoicing Only</FmtAddrLine2>
                    <FmtAddrLine3>Room 1W1-300</FmtAddrLine3>
                    <FmtAddrLine4>PO Box 590407</FmtAddrLine4>
                    <FmtAddrLine5>ORLANDO FL  32859-0407</FmtAddrLine5>
                    <City>Orlando</City>
                    <GeographicArea>FL</GeographicArea>
                    <IsoCountryCd>US</IsoCountryCd>
                </Location>
                <Location id="ID_51_6">
                    <SourceCustomerID>UPFRONT-SC</SourceCustomerID>
                    <SiteBusinessName1>AT&amp;T</SiteBusinessName1>
                    <SiteBusinessName2>ATTN: CHICK TEESDALE</SiteBusinessName2>
                    <SiteBusinessName3>ROOM A3 3E27</SiteBusinessName3>
                    <FmtAddrLine1>AT&amp;T</FmtAddrLine1>
                    <FmtAddrLine2>ATTN: CHICK TEESDALE</FmtAddrLine2>
                    <FmtAddrLine3>ROOM A3 3E27</FmtAddrLine3>
                    <FmtAddrLine4>200 LAUREL AVE S</FmtAddrLine4>
                    <FmtAddrLine5>MIDDLETOWN NJ  07748</FmtAddrLine5>
                    <StreetAddr1>200 LAUREL AVE S</StreetAddr1>
                    <City>MIDDLETOWN</City>
                    <GeographicArea>NJ</GeographicArea>
                    <PostalCode>07748</PostalCode>
                    <IsoCountryCd>US</IsoCountryCd>
                </Location>
                <Contact id="ID_51_1">
                    <SourcePersonID>EN00086753</SourcePersonID>
                    <FullName>Teresa Andersen Teresa Andersen  </FullName>
                    <PhoneNumber>+118003861115X53932</PhoneNumber>
                    <FaxNumber>+118003070361</FaxNumber>
                    <EmailAddress>teresa_andersen@hp.com</EmailAddress>
                </Contact>
                <Contact id="ID_51_2">
                    <SourcePersonID>0007111852</SourcePersonID>
                    <FullName>PLEASE PROVIDE   </FullName>
                </Contact>
                <Contact id="ID_51_3">
                    <SourcePersonID>SR00000004</SourcePersonID>
                    <FullName>TBA/US   </FullName>
                </Contact>
                <Contact id="ID_51_4">
                    <SourcePersonID>0007351901</SourcePersonID>
                    <FullName>CHICK TEESDALE   </FullName>
                    <PhoneNumber>+12145470871</PhoneNumber>
                </Contact>
                <OOS id="ID_51_7">
                    <OOSKey>000000000618532808</OOSKey>
                    <OOSType>HW</OOSType>
                    <SerialNumber>US52384920</SerialNumber>
                    <TargetQuantity>1</TargetQuantity>
                    <OOSGroupID>US52384920</OOSGroupID>
                    <Product>
                        <ProductID>AB331A</ProductID>
                        <ProductDescription>HP rx2620 1.6GHz CPU Server Solution</ProductDescription>
                        <ProductLineCode>1X</ProductLineCode>
                        <ProductLineDescription>Multiuser Unix Syste</ProductLineDescription>
                    </Product>
                </OOS>
                <OOS id="ID_51_8">
                    <OOSKey>000000000618532809</OOSKey>
                    <OOSType>HW</OOSType>
                    <SerialNumber>US52384921</SerialNumber>
                    <TargetQuantity>1</TargetQuantity>
                    <OOSGroupID>US52384921</OOSGroupID>
                    <Product>
                        <ProductID>AB331A</ProductID>
                        <ProductDescription>HP rx2620 1.6GHz CPU Server Solution</ProductDescription>
                        <ProductLineCode>1X</ProductLineCode>
                        <ProductLineDescription>Multiuser Unix Syste</ProductLineDescription>
                    </Product>
                </OOS>
                <OOS id="ID_51_9">
                    <OOSKey>000000000618532810</OOSKey>
                    <OOSType>HW</OOSType>
                    <SerialNumber>SG3KS105WV</SerialNumber>
                    <TargetQuantity>1</TargetQuantity>
                    <OOSGroupID>US52384920</OOSGroupID>
                    <Product>
                        <ProductID>A9898A</ProductID>
                        <ProductDescription>146GB 10K HotPlug Ultra320 LP disk drive</ProductDescription>
                        <ProductLineCode>1X</ProductLineCode>
                        <ProductLineDescription>Multiuser Unix Syste</ProductLineDescription>
                    </Product>
                </OOS>
                <OOS id="ID_51_10">
                    <OOSKey>000000000618532811</OOSKey>
                    <OOSType>HW</OOSType>
                    <SerialNumber>SG3KS12WKC</SerialNumber>
                    <TargetQuantity>1</TargetQuantity>
                    <OOSGroupID>US52384920</OOSGroupID>
                    <Product>
                        <ProductID>A9898A</ProductID>
                        <ProductDescription>146GB 10K HotPlug Ultra320 LP disk drive</ProductDescription>
                        <ProductLineCode>1X</ProductLineCode>
                        <ProductLineDescription>Multiuser Unix Syste</ProductLineDescription>
                    </Product>
                </OOS>
                <OOS id="ID_51_11">
                    <OOSKey>000000000618532812</OOSKey>
                    <OOSType>HW</OOSType>
                    <SerialNumber>SG3KS13LVE</SerialNumber>
                    <TargetQuantity>1</TargetQuantity>
                    <OOSGroupID>US52384920</OOSGroupID>
                    <Product>
                        <ProductID>A9898A</ProductID>
                        <ProductDescription>146GB 10K HotPlug Ultra320 LP disk drive</ProductDescription>
                        <ProductLineCode>1X</ProductLineCode>
                        <ProductLineDescription>Multiuser Unix Syste</ProductLineDescription>
                    </Product>
                </OOS>
                <OOS id="ID_51_12">
                    <OOSKey>000000000618532813</OOSKey>
                    <OOSType>HW</OOSType>
                    <SerialNumber>SG3KS13XJC</SerialNumber>
                    <TargetQuantity>1</TargetQuantity>
                    <OOSGroupID>US52384921</OOSGroupID>
                    <Product>
                        <ProductID>A9898A</ProductID>
                        <ProductDescription>146GB 10K HotPlug Ultra320 LP disk drive</ProductDescription>
                        <ProductLineCode>1X</ProductLineCode>
                        <ProductLineDescription>Multiuser Unix Syste</ProductLineDescription>
                    </Product>
                </OOS>
                <OOS id="ID_51_13">
                    <OOSKey>000000000618532814</OOSKey>
                    <OOSType>HW</OOSType>
                    <SerialNumber>SG3KS13W4A</SerialNumber>
                    <TargetQuantity>1</TargetQuantity>
                    <OOSGroupID>US52384921</OOSGroupID>
                    <Product>
                        <ProductID>A9898A</ProductID>
                        <ProductDescription>146GB 10K HotPlug Ultra320 LP disk drive</ProductDescription>
                        <ProductLineCode>1X</ProductLineCode>
                        <ProductLineDescription>Multiuser Unix Syste</ProductLineDescription>
                    </Product>
                </OOS>
                <OOS id="ID_51_14">
                    <OOSKey>000000000618532815</OOSKey>
                    <OOSType>HW</OOSType>
                    <SerialNumber>SG3KS13WK9</SerialNumber>
                    <TargetQuantity>1</TargetQuantity>
                    <OOSGroupID>US52384921</OOSGroupID>
                    <Product>
                        <ProductID>A9898A</ProductID>
                        <ProductDescription>146GB 10K HotPlug Ultra320 LP disk drive</ProductDescription>
                        <ProductLineCode>1X</ProductLineCode>
                        <ProductLineDescription>Multiuser Unix Syste</ProductLineDescription>
                    </Product>
                </OOS>
                <OOS id="ID_51_15">
                    <OOSKey>000000000618550304</OOSKey>
                    <OOSType>HW</OOSType>
                    <SerialNumber>40CTPHH172</SerialNumber>
                    <TargetQuantity>1</TargetQuantity>
                    <OOSGroupID>US52384921</OOSGroupID>
                    <Product>
                        <ProductID>A9803A</ProductID>
                        <ProductDescription>HP Management CPU card for rx1600</ProductDescription>
                        <ProductLineCode>1X</ProductLineCode>
                        <ProductLineDescription>Multiuser Unix Syste</ProductLineDescription>
                    </Product>
                </OOS>
                <OOS id="ID_51_16">
                    <OOSKey>000000000618550305</OOSKey>
                    <OOSType>HW</OOSType>
                    <SerialNumber>40CTPHH1G5</SerialNumber>
                    <TargetQuantity>1</TargetQuantity>
                    <OOSGroupID>US52384920</OOSGroupID>
                    <Product>
                        <ProductID>A9803A</ProductID>
                        <ProductDescription>HP Management CPU card for rx1600</ProductDescription>
                        <ProductLineCode>1X</ProductLineCode>
                        <ProductLineDescription>Multiuser Unix Syste</ProductLineDescription>
                    </Product>
                </OOS>
                <OOS id="ID_51_17">
                    <OOSKey>000000000618550306</OOSKey>
                    <OOSType>HW</OOSType>
                    <TargetQuantity>2</TargetQuantity>
                    <OOSGroupID>US52384920</OOSGroupID>
                    <Product>
                        <ProductID>AB397A</ProductID>
                        <ProductDescription>HP Srvr rx2620 4GB DDR Quad Memory</ProductDescription>
                        <ProductLineCode>1X</ProductLineCode>
                        <ProductLineDescription>Multiuser Unix Syste</ProductLineDescription>
                    </Product>
                </OOS>
                <OOS id="ID_51_18">
                    <OOSKey>000000000618550307</OOSKey>
                    <OOSType>HW</OOSType>
                    <SerialNumber>ID0A542311</SerialNumber>
                    <TargetQuantity>1</TargetQuantity>
                    <OOSGroupID>US52384921</OOSGroupID>
                    <Product>
                        <ProductID>A9919A</ProductID>
                        <ProductDescription>HP server DVD-ROM drive, Slimline</ProductDescription>
                        <ProductLineCode>1X</ProductLineCode>
                        <ProductLineDescription>Multiuser Unix Syste</ProductLineDescription>
                    </Product>
                </OOS>
                <OOS id="ID_51_19">
                    <OOSKey>000000000618550308</OOSKey>
                    <OOSType>HW</OOSType>
                    <SerialNumber>ID0A542301</SerialNumber>
                    <TargetQuantity>1</TargetQuantity>
                    <OOSGroupID>US52384920</OOSGroupID>
                    <Product>
                        <ProductID>A9919A</ProductID>
                        <ProductDescription>HP server DVD-ROM drive, Slimline</ProductDescription>
                        <ProductLineCode>1X</ProductLineCode>
                        <ProductLineDescription>Multiuser Unix Syste</ProductLineDescription>
                    </Product>
                </OOS>
                <OOS id="ID_51_20">
                    <OOSKey>000000000618550309</OOSKey>
                    <OOSType>HW</OOSType>
                    <SerialNumber>0519116107</SerialNumber>
                    <TargetQuantity>1</TargetQuantity>
                    <OOSGroupID>US52384921</OOSGroupID>
                    <Product>
                        <ProductID>A6874A</ProductID>
                        <ProductDescription>Power supply for HP srvrs and wkstns</ProductDescription>
                        <ProductLineCode>1X</ProductLineCode>
                        <ProductLineDescription>Multiuser Unix Syste</ProductLineDescription>
                    </Product>
                </OOS>
                <OOS id="ID_51_21">
                    <OOSKey>000000000618550310</OOSKey>
                    <OOSType>HW</OOSType>
                    <SerialNumber>0519116001</SerialNumber>
                    <TargetQuantity>1</TargetQuantity>
                    <OOSGroupID>US52384920</OOSGroupID>
                    <Product>
                        <ProductID>A6874A</ProductID>
                        <ProductDescription>Power supply for HP srvrs and wkstns</ProductDescription>
                        <ProductLineCode>1X</ProductLineCode>
                        <ProductLineDescription>Multiuser Unix Syste</ProductLineDescription>
                    </Product>
                </OOS>
                <OOS id="ID_51_22">
                    <OOSKey>000000000618550311</OOSKey>
                    <OOSType>JW</OOSType>
                    <SerialNumber>6A00308543</SerialNumber>
                    <TargetQuantity>1</TargetQuantity>
                    <OOSGroupID>US52384921</OOSGroupID>
                    <Product>
                        <ProductID>A6795A</ProductID>
                        <ProductDescription>PCI 2GB Fibre Channel Adapter</ProductDescription>
                        <ProductLineCode>1X</ProductLineCode>
                        <ProductLineDescription>Multiuser Unix Syste</ProductLineDescription>
                    </Product>
                </OOS>
                <OOS id="ID_51_23">
                    <OOSKey>000000000618550312</OOSKey>
                    <OOSType>JW</OOSType>
                    <SerialNumber>6A00308255</SerialNumber>
                    <TargetQuantity>1</TargetQuantity>
                    <OOSGroupID>US52384921</OOSGroupID>
                    <Product>
                        <ProductID>A6795A</ProductID>
                        <ProductDescription>PCI 2GB Fibre Channel Adapter</ProductDescription>
                        <ProductLineCode>1X</ProductLineCode>
                        <ProductLineDescription>Multiuser Unix Syste</ProductLineDescription>
                    </Product>
                </OOS>
                <OOS id="ID_51_24">
                    <OOSKey>000000000618550313</OOSKey>
                    <OOSType>JW</OOSType>
                    <SerialNumber>6A00308493</SerialNumber>
                    <TargetQuantity>1</TargetQuantity>
                    <OOSGroupID>US52384920</OOSGroupID>
                    <Product>
                        <ProductID>A6795A</ProductID>
                        <ProductDescription>PCI 2GB Fibre Channel Adapter</ProductDescription>
                        <ProductLineCode>1X</ProductLineCode>
                        <ProductLineDescription>Multiuser Unix Syste</ProductLineDescription>
                    </Product>
                </OOS>
                <OOS id="ID_51_25">
                    <OOSKey>000000000618550314</OOSKey>
                    <OOSType>JW</OOSType>
                    <SerialNumber>6A00308359</SerialNumber>
                    <TargetQuantity>1</TargetQuantity>
                    <OOSGroupID>US52384920</OOSGroupID>
                    <Product>
                        <ProductID>A6795A</ProductID>
                        <ProductDescription>PCI 2GB Fibre Channel Adapter</ProductDescription>
                        <ProductLineCode>1X</ProductLineCode>
                        <ProductLineDescription>Multiuser Unix Syste</ProductLineDescription>
                    </Product>
                </OOS>
                <OOS id="ID_51_26">
                    <OOSKey>000000000618550315</OOSKey>
                    <OOSType>SWO</OOSType>
                    <TargetQuantity>1</TargetQuantity>
                    <OOSGroupID>US52384920</OOSGroupID>
                    <Product>
                        <ProductID>B9106AA</ProductID>
                        <ProductDescription>HP-UX Fndn OE Media Itanium Servers</ProductDescription>
                        <ProductLineCode>23</ProductLineCode>
                        <ProductLineDescription>BCS Software</ProductLineDescription>
                    </Product>
                </OOS>
                <OOS id="ID_51_27">
                    <OOSKey>000000000618550316</OOSKey>
                    <OOSType>SWO</OOSType>
                    <TargetQuantity>1</TargetQuantity>
                    <OOSGroupID>US52384920</OOSGroupID>
                    <Product>
                        <ProductID>B9106AA#ABA</ProductID>
                        <ProductDescription>HP-UX 11i OE Media Itanium Ser U.S. - En</ProductDescription>
                        <ProductLineCode>23</ProductLineCode>
                        <ProductLineDescription>BCS Software</ProductLineDescription>
                    </Product>
                </OOS>
                <OOS id="ID_51_28">
                    <OOSKey>000000000618550317</OOSKey>
                    <OOSType>SWO</OOSType>
                    <TargetQuantity>1</TargetQuantity>
                    <OOSGroupID>US52384920</OOSGroupID>
                    <Product>
                        <ProductID>B9430AC</ProductID>
                        <ProductDescription>HP-UX FndnOE Integrity PPL max2CPU w/sys</ProductDescription>
                        <ProductLineCode>23</ProductLineCode>
                        <ProductLineDescription>BCS Software</ProductLineDescription>
                    </Product>
                </OOS>
                <Working>
                    <WorkingName>SAP CQS AM</WorkingName>
                    <WorkingValue>Success</WorkingValue>
                </Working>
            </ContractEntitlement>
        </EsReply>
    </MessageBody>

	<MessageTrailer/>
</EIAMessage>
		
