  <?xml version="1.0" encoding="UTF-8"?><EIAMessage><MessageHeader><MessageID>9064604</MessageID><TimeStamp>2014-10-22T19:03:57.811</TimeStamp><MessageType>error</MessageType><ServiceDescriptor><ServiceID>es</ServiceID><MajorVersion>10</MajorVersion><MinorVersion>1</MinorVersion></ServiceDescriptor><MessageSecurity><SecurityCredentials><UserName>es</UserName><UserPassword>es</UserPassword></SecurityCredentials></MessageSecurity></MessageHeader><MessageBody><EIAError><TimeStamp>2014-10-22T19:03:57.627</TimeStamp><ErrorLevel>FUNCTIONAL</ErrorLevel><ErrorID>300</ErrorID><ErrorText>No data found</ErrorText><ErrorClass>DataNotFound</ErrorClass><DataPayLoad>[TXID 9064604]</DataPayLoad></EIAError></MessageBody><MessageTrailer/></EIAMessage>
