<?xml version="1.0" encoding="UTF-8"?><EIAMessage><MessageHeader><MessageID>8459672</MessageID><TimeStamp>2013-12-20T10:54:01.902</TimeStamp><MessageType>error</MessageType><ServiceDescriptor><ServiceID>es</ServiceID><MajorVersion>10</MajorVersion><MinorVersion>1</MinorVersion></ServiceDescriptor><MessageSecurity><SecurityCredentials><UserName>es</UserName><UserPassword>es</UserPassword></SecurityCredentials></MessageSecurity></MessageHeader><MessageBody><EIAError><TimeStamp>2013-12-20T10:54:01.796</TimeStamp><ErrorLevel>FUNCTIONAL</ErrorLevel><ErrorID>300</ErrorID><ErrorText>No data found</ErrorText><ErrorClass>DataNotFound</ErrorClass><DataPayLoad>[TXID 8459672]</DataPayLoad></EIAError></MessageBody><MessageTrailer/></EIAMessage>