<?xml version="1.0" encoding="UTF-8"?><EIAMessage><MessageHeader><MessageID>7804708</MessageID><TimeStamp>2013-03-11T09:55:16.121</TimeStamp><MessageType>error</MessageType><ServiceDescriptor><ServiceID>es</ServiceID><MajorVersion>10</MajorVersion><MinorVersion>1</MinorVersion></ServiceDescriptor><MessageSecurity><SecurityCredentials><UserName>es</UserName><UserPassword>es</UserPassword></SecurityCredentials></MessageSecurity></MessageHeader><MessageBody><EIAError><TimeStamp>2013-03-11T09:55:16.113</TimeStamp><ErrorLevel>FUNCTIONAL</ErrorLevel><ErrorID>201</ErrorID><ErrorText>Parameter contains invalid data: (could not determine which)</ErrorText><ErrorClass>InvalidDataContent</ErrorClass><DataPayLoad>org.exolab.castor.xml.MarshalException: The following error occured while trying to unmarshal field _productType of class com.hp.es.xml.service.ContractSummaryRequest.</DataPayLoad></EIAError></MessageBody><MessageTrailer/></EIAMessage>