<?xml version="1.0" encoding="UTF-8"?><EIAMessage><MessageHeader><MessageID>7804721</MessageID><TimeStamp>2013-03-11T09:55:16.868</TimeStamp><MessageType>error</MessageType><ServiceDescriptor><ServiceID>es</ServiceID><MajorVersion>10</MajorVersion><MinorVersion>1</MinorVersion></ServiceDescriptor><MessageSecurity><SecurityCredentials><UserName>es</UserName><UserPassword>es</UserPassword></SecurityCredentials></MessageSecurity></MessageHeader><MessageBody><EIAError><TimeStamp>2013-03-11T09:55:16.859</TimeStamp><ErrorLevel>FUNCTIONAL</ErrorLevel><ErrorID>300</ErrorID><ErrorText>No data found</ErrorText><ErrorClass>DataNotFound</ErrorClass><DataPayLoad>20130311 225516 No entries found: [No valid contracts found for the given Service Agreement ID] [TXID 7804722]</DataPayLoad></EIAError></MessageBody><MessageTrailer/></EIAMessage>