<?xml version="1.0" encoding="UTF-8"?><EIAMessage><MessageHeader><MessageID>8453692</MessageID><TimeStamp>2013-12-19T10:54:44.161</TimeStamp><MessageType>error</MessageType><ServiceDescriptor><ServiceID>es</ServiceID><MajorVersion>10</MajorVersion><MinorVersion>1</MinorVersion></ServiceDescriptor><MessageSecurity><SecurityCredentials><UserName>es</UserName><UserPassword>es</UserPassword></SecurityCredentials></MessageSecurity></MessageHeader><MessageBody><EIAError><TimeStamp>2013-12-19T10:54:44.134</TimeStamp><ErrorLevel>FUNCTIONAL</ErrorLevel><ErrorID>300</ErrorID><ErrorText>No data found</ErrorText><ErrorClass>DataNotFound</ErrorClass><DataPayLoad>20131219 235444 No entries found: [No valid contracts found for the given Service Agreement ID] [TXID 8453692]</DataPayLoad></EIAError></MessageBody><MessageTrailer/></EIAMessage>