  <?xml version="1.0" encoding="UTF-8"?>
<EIAMessage>
	<MessageHeader>
		<MessageID>9063926</MessageID>
		<TimeStamp>2014-10-21T19:04:02.424</TimeStamp>
		<MessageType>error</MessageType>
		<ServiceDescriptor>
			<ServiceID>es</ServiceID>
			<MajorVersion>10</MajorVersion>
			<MinorVersion>1</MinorVersion>
		</ServiceDescriptor>
		<MessageSecurity>
			<SecurityCredentials>
				<UserName>es</UserName>
				<UserPassword>es</UserPassword>
			</SecurityCredentials>
		</MessageSecurity>
	</MessageHeader>
	<MessageBody>
		<EIAError>
		    <TimeStamp>2015-10-20T06:06:08.530</TimeStamp>
		    <ErrorLevel>FUNCTIONAL</ErrorLevel>
		    <ErrorID>300</ErrorID>
		    <ErrorText>No data found</ErrorText>
		    <ErrorClass>DataNotFound</ErrorClass>
		    <DataPayLoad>[TXID 11417755]</DataPayLoad>
		</EIAError>
	</MessageBody>
	<MessageTrailer />
</EIAMessage>
