<?xml version="1.0" encoding="UTF-8"?><EIAMessage>	<MessageHeader>		<MessageID>9089964</MessageID>		<TimeStamp>2014-10-30T14:40:13.656</TimeStamp>		<MessageType>error</MessageType>		<ServiceDescriptor>			<ServiceID>es</ServiceID>			<MajorVersion>10</MajorVersion>			<MinorVersion>1</MinorVersion>		</ServiceDescriptor>		<MessageSecurity>			<SecurityCredentials>				<UserName>es</UserName>				<UserPassword>es</UserPassword>			</SecurityCredentials>		</MessageSecurity>	</MessageHeader>	<MessageBody>		<EIAError>			<TimeStamp>2014-10-30T14:40:13.531</TimeStamp>			<ErrorLevel>FUNCTIONAL</ErrorLevel>			<ErrorID>300</ErrorID>			<ErrorText>No data found</ErrorText>			<ErrorClass>DataNotFound</ErrorClass>			<DataPayLoad>20141030 074013 No entries found: [No valid contracts				found for the given Service Agreement ID] [TXID 9089964]			</DataPayLoad>		</EIAError>	</MessageBody>	<MessageTrailer /></EIAMessage>