<?xml version="1.0" encoding="UTF-8"?>
<EIAMessage>
	<MessageHeader>
		<MessageID>11877678</MessageID>
		<TimeStamp>2016-01-06T10:46:20.971</TimeStamp>
		<MessageType>reply</MessageType>
		<ServiceDescriptor>
			<ServiceID>es</ServiceID>
			<MajorVersion>10</MajorVersion>
			<MinorVersion>1</MinorVersion>
		</ServiceDescriptor>
		<MessageSecurity>
			<SecurityCredentials>
				<UserName>es</UserName>
				<UserPassword>es</UserPassword>
			</SecurityCredentials>
		</MessageSecurity>
	</MessageHeader>
	<MessageBody>
		<EsReply>
			<EsHeader>
				<InputRequest>
					<Operation>getEntitlementBySn</Operation>
					<ClientAppID>EsTest</ClientAppID>
					<EntitlementBySnRequest>
						<IncludeAddresses>false</IncludeAddresses>
						<IncludeContacts>false</IncludeContacts>
						<IncludeOffers>true</IncludeOffers>
						<IncludeDeliverables>true</IncludeDeliverables>
						<IncludeModifiers>true</IncludeModifiers>
						<IncludeWorkings>true</IncludeWorkings>
						<EntitlementCheckDate>2016-01-06</EntitlementCheckDate>
						<IsoCountryCd>US</IsoCountryCd>
						<ProofPurchaseDate>2005-10-16</ProofPurchaseDate>
						<ContractIdentifier></ContractIdentifier>
						<IncludeContracts>true</IncludeContracts>
						<SerialNumber>A123456789</SerialNumber>
					</EntitlementBySnRequest>
				</InputRequest>
				<TransactionID>11877678</TransactionID>
			</EsHeader>
			<CombinedUnitEntitlement>
				<ActiveWarrantyEntitlement>false</ActiveWarrantyEntitlement>
				<ActiveContractEntitlement>false</ActiveContractEntitlement>
				<OverallContractStartDate>2014-07-01</OverallContractStartDate>
				<OverallContractEndDate>2015-06-30</OverallContractEndDate>
				<OOS id="ID_C_664_1">
					<OOSKey>000000000821295345</OOSKey>
					<OOSType>HW</OOSType>
					<SerialNumber>A123456789</SerialNumber>
					<TargetQuantity>1</TargetQuantity>
					<OOSGroupID>S360PROMKMY1</OOSGroupID>
					<Product>
						<ProductID>Q1253A</ProductID>
						<ProductDescription>HP DesignJet 5500 printer 60"" RTL Dye
						</ProductDescription>
						<ProductLineCode>30</ProductLineCode>
						<ProductLineDescription>INACTIVE Q1 FY16 Lar
						</ProductLineDescription>
					</Product>
				</OOS>
				<Working>
					<WorkingName>ODS</WorkingName>
					<WorkingValue>No data found</WorkingValue>
				</Working>
				<Working>
					<WorkingName>SAP CQS AM</WorkingName>
					<WorkingValue>No data found</WorkingValue>
				</Working>
				<Working>
					<WorkingName>SAP CQS AP</WorkingName>
					<WorkingValue>Success</WorkingValue>
				</Working>
				<Working>
					<WorkingName>SAP CQS EMEA</WorkingName>
					<WorkingValue>Success</WorkingValue>
				</Working>
				<Contract>
					<PortfolioFlag>G</PortfolioFlag>
					<CCRN>0618705560</CCRN>
					<SvcAgreementID>106187055602</SvcAgreementID>
					<ActiveContractEntitlement>false</ActiveContractEntitlement>
					<HeaderStartDate>2014-07-01</HeaderStartDate>
					<HeaderEndDate>2015-06-30</HeaderEndDate>
					<SpecialHandling>false</SpecialHandling>
					<HPAdminPersonID>EN10403580</HPAdminPersonID>
					<OrdererPersonID>0002436304</OrdererPersonID>
					<SoldToCustomerID>0110075961</SoldToCustomerID>
					<SWShipToCustomerID>0043233390</SWShipToCustomerID>
					<ProductShipToCustomerID>0043233390</ProductShipToCustomerID>
					<OrderingPartyCustomerID>0043233498</OrderingPartyCustomerID>
					<ProductShipToCountryCode>MY</ProductShipToCountryCode>
					<CdoPublishDate>2015-05-14T00:00:00.000Z</CdoPublishDate>
					<SvcProductType>HS</SvcProductType>
					<ObligationHeader>
						<SourceObligationID>2140014853</SourceObligationID>
						<ObligationType>C</ObligationType>
						<CCRN>0618705560</CCRN>
						<CustPurchaseOrder>MKMYPO1</CustPurchaseOrder>
						<HeaderStartDate>2014-07-01</HeaderStartDate>
						<HeaderEndDate>2015-06-30</HeaderEndDate>
						<ContractStatus>X</ContractStatus>
						<ActiveObligation>false</ActiveObligation>
						<ChannelProfile>P</ChannelProfile>
						<ServiceItem OfferRef="ID_C_664_2">
							<Item>000010</Item>
						</ServiceItem>
					</ObligationHeader>
					<Offer id="ID_C_664_2">
						<OfferCode>HA151AC</OfferCode>
						<OfferDescription>HP Hardware Maintenance Onsite Support
						</OfferDescription>
						<SvcProductType>HS</SvcProductType>
						<SvcProductLine>72</SvcProductLine>
						<StandAloneOffer>false</StandAloneOffer>
						<IncidentBasedOffer>false</IncidentBasedOffer>
						<ServiceQuantity>1</ServiceQuantity>
						<AvailableQuantity>1</AvailableQuantity>
						<Modifier>
							<ModName>REPAIR_TIME</ModName>
							<ModValue>NSR</ModValue>
							<ModDesc>No Specified Repair Time</ModDesc>
						</Modifier>
						<Modifier>
							<ModName>GIS_HWMON_DEL_RESP_METH_ONSITE</ModName>
							<ModValue>NA</ModValue>
							<ModDesc>NextAvail TechResource Onsite</ModDesc>
						</Modifier>
						<Modifier>
							<ModName>GIS_HWMON_DEL_RESP_METH_REMOTE</ModName>
							<ModValue>NA</ModValue>
							<ModDesc>NextAvail TechResource Remote</ModDesc>
						</Modifier>
						<Modifier>
							<ModName>RESTORATION_TIME</ModName>
							<ModValue>NSR</ModValue>
							<ModDesc>No Restoration</ModDesc>
						</Modifier>
						<Modifier>
							<ModName>COV_WINDOW5</ModName>
							<ModValue>STD</ModValue>
							<ModDesc>Std Office Hrs Std Office Days</ModDesc>
						</Modifier>
						<Modifier>
							<ModName>GIS_HWMON_GEOGRAPHIC_COVERAGE</ModName>
							<ModValue>CNT</ModValue>
							<ModDesc>Country Coverage</ModDesc>
						</Modifier>
						<Modifier>
							<ModName>GIS_HWMON_PARTS_LOGISTICS</ModName>
							<ModValue>STD</ModValue>
							<ModDesc>Standard Parts Logistics</ModDesc>
						</Modifier>
						<Modifier>
							<ModName>GIS_HWMON_SPECIAL_COVERAGE</ModName>
							<ModValue>NSC</ModValue>
							<ModDesc>No Special Coverage</ModDesc>
						</Modifier>
						<Modifier>
							<ModName>GIS_HWMON_MATERIAL_HANDLING</ModName>
							<ModValue>STD</ModValue>
							<ModDesc>Standard Material Handling</ModDesc>
						</Modifier>
						<Modifier>
							<ModName>GIS_HWMON_ACCESS_TO_ITRC</ModName>
							<ModValue>STD</ModValue>
							<ModDesc>Standard Access to ITRC (HW)</ModDesc>
						</Modifier>
						<Modifier>
							<ModName>GIS_HWMON_USAGE_LIMITATIONS</ModName>
							<ModValue>NL</ModValue>
							<ModDesc>No Usage Limitation</ModDesc>
						</Modifier>
						<Modifier>
							<ModName>RESPONSE_TIME</ModName>
							<ModValue>NCD</ModValue>
							<ModDesc>Next Cov Day Onsite Response</ModDesc>
						</Modifier>
						<Modifier>
							<ModName>GIS_HWMON_ISEE</ModName>
							<ModValue>N/A</ModValue>
							<ModDesc>ISEE Not Available</ModDesc>
						</Modifier>
						<Deliverable>
							<DelivCode>GIS_HWMON_PROBLEM_DIAGNOSIS</DelivCode>
							<DelivName>Hardware Problem Diagnosis</DelivName>
							<DelivValue>Y</DelivValue>
						</Deliverable>
						<Deliverable>
							<DelivCode>GIS_HWMON_ONSITE_SUPPORT</DelivCode>
							<DelivName>Onsite Support</DelivName>
							<DelivValue>Y</DelivValue>
						</Deliverable>
						<Deliverable>
							<DelivCode>GIS_HWMON_MATERIAL</DelivCode>
							<DelivName>Parts and Material provided</DelivName>
							<DelivValue>Y</DelivValue>
						</Deliverable>
						<AppliesTo OOSRef="ID_C_664_1">
							<StartDate>2014-07-01</StartDate>
							<EndDate>2015-05-31</EndDate>
							<Status>C</Status>
							<ActiveAppliesTo>false</ActiveAppliesTo>
							<OOSKey>000000000821295345</OOSKey>
							<ProfitCenter>
								<Entity>68</Entity>
								<SubEntity>00</SubEntity>
								<Department>0000</Department>
								<Workforce>K2</Workforce>
							</ProfitCenter>
						</AppliesTo>
					</Offer>
				</Contract>
			</CombinedUnitEntitlement>
		</EsReply>
	</MessageBody>
	<MessageTrailer />
</EIAMessage>