<?xml version="1.0" encoding="UTF-8"?>
<EIAMessage><MessageHeader><MessageID>9097966</MessageID><TimeStamp>2014-10-30T15:18:45.924</TimeStamp><MessageType>error</MessageType><ServiceDescriptor><ServiceID>es</ServiceID><MajorVersion>10</MajorVersion><MinorVersion>1</MinorVersion></ServiceDescriptor><MessageSecurity><SecurityCredentials><UserName>es</UserName><UserPassword>es</UserPassword></SecurityCredentials></MessageSecurity></MessageHeader><MessageBody><EIAError><TimeStamp>2014-10-30T15:18:45.924</TimeStamp><ErrorLevel>FUNCTIONAL</ErrorLevel><ErrorID>300</ErrorID><ErrorText>No data found</ErrorText><ErrorClass>DataNotFound</ErrorClass><DataPayLoad>Source CONTRACT  [TXID 9097966]</DataPayLoad></EIAError></MessageBody><MessageTrailer/></EIAMessage>