  <?xml version="1.0" encoding="UTF-8"?>
<EIAMessage>
	<MessageHeader>
		<MessageID>9064927</MessageID>
		<TimeStamp>2014-10-22T19:09:17.302</TimeStamp>
		<MessageType>reply</MessageType>
		<ServiceDescriptor>
			<ServiceID>es</ServiceID>
			<MajorVersion>10</MajorVersion>
			<MinorVersion>1</MinorVersion>
		</ServiceDescriptor>
		<MessageSecurity>
			<SecurityCredentials>
				<UserName>es</UserName>
				<UserPassword>es</UserPassword>
			</SecurityCredentials>
		</MessageSecurity>
	</MessageHeader>
	<MessageBody>
	   <EsReply>
			<EsHeader>
				<InputRequest>
					<Operation>getEntitlementBySn</Operation>
					<ClientAppID>EsTest</ClientAppID>
					<EntitlementBySnRequest>
						<IncludeAddresses>false</IncludeAddresses>
						<IncludeContacts>false</IncludeContacts>
						<IncludeOffers>true</IncludeOffers>
						<IncludeDeliverables>true</IncludeDeliverables>
						<IncludeModifiers>true</IncludeModifiers>
						<IncludeWorkings>true</IncludeWorkings>
						<EntitlementCheckDate>2015-10-23</EntitlementCheckDate>
						<IsoCountryCd>CN</IsoCountryCd>
						<ProofPurchaseDate>2010-10-16</ProofPurchaseDate>
						<ContractIdentifier></ContractIdentifier>
						<IncludeWarranty>true</IncludeWarranty>
						<IncludeContracts>true</IncludeContracts>
						<SerialNumber>FRDSIT0003</SerialNumber>
						<ProductID>Q5736A</ProductID>
					</EntitlementBySnRequest>
				</InputRequest>
				<TransactionID>11440074</TransactionID>
				<Warnings>
					<EIAError>
						<TimeStamp>2015-10-23T02:49:58.540</TimeStamp>
						<ErrorLevel>WARNING</ErrorLevel>
						<ErrorID>402</ErrorID>
						<ErrorText>Warranty calculated based on product number.
						</ErrorText>
						<ErrorClass>UnitNotFound</ErrorClass>
						<DataPayLoad>Source WARRANTY SWOP 1009: Record not found; Warranty
							calculated based on product number.</DataPayLoad>
					</EIAError>
					<EIAError>
						<TimeStamp>2015-10-23</TimeStamp>
						<ErrorLevel>WARNING</ErrorLevel>
						<ErrorID>903</ErrorID>
						<ErrorText>Warning message testing4</ErrorText>
						<ErrorClass>InvalidDataFormat</ErrorClass>
					</EIAError>
				</Warnings>
			</EsHeader>
			<CombinedUnitEntitlement>
				<ActiveWarrantyEntitlement>false</ActiveWarrantyEntitlement>
				<OverallWarrantyStartDate>2010-10-16</OverallWarrantyStartDate>
				<OverallWarrantyEndDate>2011-10-15</OverallWarrantyEndDate>
				<ActiveContractEntitlement>false</ActiveContractEntitlement>
				<OOS id="ID_257_1">
					<OOSType>HW</OOSType>
					<SerialNumber>FRDSIT0003</SerialNumber>
					<Product>
						<ProductID>Q5736A</ProductID>
						<ProductDescription>HP Photosmart Pro B9180 Printer</ProductDescription>
						<ProductLineCode>5M</ProductLineCode>
					</Product>
				</OOS>
				<Warranty>
					<WarrantyType>FR</WarrantyType>
					<TermCode>A116</TermCode>
					<PortfolioFlag>G</PortfolioFlag>
					<WarrantyDeterminationCode>04</WarrantyDeterminationCode>
					<WarrantyDeterminationDescription>Sales receipt Purchase date</WarrantyDeterminationDescription>
					<WarrantyStartDate>2010-10-16</WarrantyStartDate>
					<GracePeriod>0</GracePeriod>
					<Global>true</Global>
					<InstallationIncluded>false</InstallationIncluded>
					<SitePreparation>false</SitePreparation>
					<WarrantyExtension>0</WarrantyExtension>
					<Offer id="ID_257_2">
						<OfferCode>HA360AW</OfferCode>
						<OfferDescription>Wty: HP HW Replacement Support</OfferDescription>
						<Modifier>
							<ModName>COV_WINDOW5</ModName>
							<ModValue>STD</ModValue>
							<ModDesc>Std Office Hrs Std Office Days</ModDesc>
						</Modifier>
						<Modifier>
							<ModName>WTY_HWREP_GEOGRAPHIC_COVERAGE</ModName>
							<ModValue>GLB</ModValue>
							<ModDesc>Global Coverage</ModDesc>
						</Modifier>
						<Modifier>
							<ModName>WTY_HWREP_MATERIAL_HANDLING</ModName>
							<ModValue>STD</ModValue>
							<ModDesc>Standard Material Handling</ModDesc>
						</Modifier>
						<Modifier>
							<ModName>WTY_HWREP_PARTS_LOGISTICS</ModName>
							<ModValue>STD</ModValue>
							<ModDesc>Standard Parts Logistics</ModDesc>
						</Modifier>
						<Modifier>
							<ModName>WTY_HWREP_RESP_METH_REMOTE</ModName>
							<ModValue>NA</ModValue>
							<ModDesc>NextAvail TechResource Remote</ModDesc>
						</Modifier>
						<Modifier>
							<ModName>WTY_HWREP_TRANS_TO_CUSTOMER</ModName>
							<ModValue>SCS</ModValue>
							<ModDesc>HP Ships to Customer Site</ModDesc>
						</Modifier>
						<Modifier>
							<ModName>WTY_HWREP_TRANS_TO_REPAIR_CTR</ModName>
							<ModValue>CDRC</ModValue>
							<ModDesc>Customer Delivers to RepairCtr</ModDesc>
						</Modifier>
						<Modifier>
							<ModName>RESPONSE_TIME</ModName>
							<ModValue>3CD</ModValue>
							<ModDesc>3rd Cov Day Onsite Shipment</ModDesc>
						</Modifier>
						<Deliverable>
							<DelivCode>WTY_HWREP_REMOTE_DIAGNOSIS</DelivCode>
							<DelivName>Remote HW Diagnosis &amp; Support</DelivName>
							<DelivValue>Y</DelivValue>
						</Deliverable>
						<AppliesTo OOSRef="ID_257_1">
							<StartDate>2010-10-16</StartDate>
							<EndDate>2011-10-15</EndDate>
							<Status>X</Status>
							<ActiveAppliesTo>false</ActiveAppliesTo>
							<OOSKey></OOSKey>
						</AppliesTo>
					</Offer>
				</Warranty>
				<Working>
					<WorkingName>SWOP Warranty ID</WorkingName>
					<WorkingValue>A116</WorkingValue>
				</Working>
				<Working>
					<WorkingName>SWOP Warranty Start Date</WorkingName>
					<WorkingValue>2010-10-16</WorkingValue>
				</Working>
				<Working>
					<WorkingName>SWOP Grace Period</WorkingName>
					<WorkingValue>0</WorkingValue>
				</Working>
				<Working>
					<WorkingName>SWOP Start Date Type</WorkingName>
					<WorkingValue>Sales receipt Purchase date</WorkingValue>
				</Working>
				<Working>
					<WorkingName>SWOP Instance</WorkingName>
					<WorkingValue>sapnt3.sapnet.hp.com</WorkingValue>
				</Working>
				<Working>
					<WorkingName>SWOP Request Status</WorkingName>
					<WorkingValue>Successful</WorkingValue>
				</Working>
				<Working>
					<WorkingName>SWOP Unit List Returned</WorkingName>
					<WorkingValue>N</WorkingValue>
				</Working>
				<Working>
					<WorkingName>SWOP Product Base Warranty</WorkingName>
					<WorkingValue>Y</WorkingValue>
				</Working>
				<Working>
					<WorkingName>SNR call</WorkingName>
					<WorkingValue>NoDataFound</WorkingValue>
				</Working>
				<Working>
					<WorkingName>ASTRO2 Instance</WorkingName>
					<WorkingValue>CATS</WorkingValue>
				</Working>
				<Working>
					<WorkingName>ASTRO2 Request Status</WorkingName>
					<WorkingValue>NotAccessed</WorkingValue>
				</Working>
			</CombinedUnitEntitlement>
		</EsReply>
	</MessageBody>
	<MessageTrailer />
</EIAMessage>
