  <?xml version="1.0" encoding="UTF-8"?>
<EIAMessage>
	<MessageHeader>
		<MessageID>8134451</MessageID>
		<TimeStamp>2013-09-02T22:46:02.869</TimeStamp>
		<MessageType>error</MessageType>
		<ServiceDescriptor>
			<ServiceID>es</ServiceID>
			<MajorVersion>10</MajorVersion>
			<MinorVersion>1</MinorVersion>
		</ServiceDescriptor>
		<MessageSecurity>
			<SecurityCredentials>
				<UserName>es</UserName>
				<UserPassword>es</UserPassword>
			</SecurityCredentials>
		</MessageSecurity>
	</MessageHeader>
	<MessageBody>
			<EIAError>
			<TimeStamp>2015-10-23T04:17:10.403</TimeStamp>
			<ErrorLevel>FUNCTIONAL</ErrorLevel>
			<ErrorID>210</ErrorID>
			<ErrorText>Product number was not found: OOS201B-0-PID</ErrorText>
			<ErrorClass>DataNotFound</ErrorClass>
			<DataPayLoad>Source WARRANTY SWOP 2000: Invalid or obsolete product
				number. [TXID 11440735]</DataPayLoad>
		</EIAError>

	</MessageBody>
	<MessageTrailer />
</EIAMessage>
