<?xml version="1.0" encoding="UTF-8"?><EIAMessage><MessageHeader><MessageID>7594808</MessageID><TimeStamp>2012-11-20T22:12:32.678</TimeStamp><MessageType>error</MessageType><ServiceDescriptor><ServiceID>es</ServiceID><MajorVersion>10</MajorVersion><MinorVersion>1</MinorVersion></ServiceDescriptor><MessageSecurity><SecurityCredentials><UserName>es</UserName><UserPassword>es</UserPassword></SecurityCredentials></MessageSecurity></MessageHeader><MessageBody><EIAError><TimeStamp>2012-11-20T22:12:32.473</TimeStamp><ErrorLevel>FUNCTIONAL</ErrorLevel><ErrorID>300</ErrorID><ErrorText>No data found</ErrorText><ErrorClass>DataNotFound</ErrorClass><DataPayLoad>Source CONTRACT  [TXID 7594809]</DataPayLoad></EIAError></MessageBody><MessageTrailer/></EIAMessage>
