  <?xml version="1.0" encoding="UTF-8"?><EIAMessage><MessageHeader><MessageID>11440509</MessageID><TimeStamp>2015-10-23T04:16:04.163</TimeStamp><MessageType>reply</MessageType><ServiceDescriptor><ServiceID>es</ServiceID><MajorVersion>10</MajorVersion><MinorVersion>1</MinorVersion></ServiceDescriptor><MessageSecurity><SecurityCredentials><UserName>es</UserName><UserPassword>es</UserPassword></SecurityCredentials></MessageSecurity></MessageHeader><MessageBody><EsReply><EsHeader><InputRequest><Operation>getEntitlementByPn</Operation><ClientAppID>EsTest</ClientAppID><EntitlementByPnRequest><ContractIdentifierType>SvcAgreementID</ContractIdentifierType><ActiveContractsOnly>false</ActiveContractsOnly><ActiveServicesOnly>false</ActiveServicesOnly><IncludeAddresses>false</IncludeAddresses><IncludeContacts>false</IncludeContacts><IncludeOffers>true</IncludeOffers><IncludeDeliverables>true</IncludeDeliverables><IncludeModifiers>true</IncludeModifiers><IncludeWorkings>true</IncludeWorkings><EntitlementCheckDate>2015-10-23</EntitlementCheckDate><IsoCountryCd>US</IsoCountryCd><ProofPurchaseDate>2004-01-01</ProofPurchaseDate><ActiveWarrantyOnly>false</ActiveWarrantyOnly><ContractIdentifier>103241912900</ContractIdentifier><IncludeWarranty>true</IncludeWarranty><IncludeContracts>true</IncludeContracts><IncludeServiceNotes>true</IncludeServiceNotes><ProductID>A5191B</ProductID><IncludeUniqueOffers>true</IncludeUniqueOffers><IncludeUniqueDeliverables>true</IncludeUniqueDeliverables><IncludeOOSes>true</IncludeOOSes></EntitlementByPnRequest></InputRequest><TransactionID>11440509</TransactionID><Warnings><EIAError><TimeStamp>2015-10-23T04:16:04.127</TimeStamp><ErrorLevel>WARNING</ErrorLevel><ErrorID>402</ErrorID><ErrorText>Warranty calculated based on product number.</ErrorText><ErrorClass>UnitNotFound</ErrorClass><DataPayLoad>Source WARRANTY SWOP 1009: Record not found; Warranty calculated based on product number.</DataPayLoad></EIAError><EIAError><TimeStamp>2015-10-23T04:16:04.133</TimeStamp><ErrorLevel>FUNCTIONAL</ErrorLevel><ErrorID>300</ErrorID><ErrorText>No data found</ErrorText><ErrorClass>DataNotFound</ErrorClass><DataPayLoad>Source CONTRACT </DataPayLoad></EIAError><EIAError><TimeStamp>2015-10-23</TimeStamp><ErrorLevel>WARNING</ErrorLevel><ErrorID>901</ErrorID><ErrorText>Warning message testing2</ErrorText><ErrorClass>InvalidDataFormat</ErrorClass></EIAError><EIAError><TimeStamp>2015-10-23</TimeStamp><ErrorLevel>FUNCTIONAL</ErrorLevel><ErrorID>906</ErrorID><ErrorText>Error message testing2</ErrorText><ErrorClass>InvalidDataFormat</ErrorClass></EIAError></Warnings></EsHeader><CombinedProductEntitlement><ActiveWarrantyEntitlement>false</ActiveWarrantyEntitlement><OverallWarrantyStartDate>2004-01-01</OverallWarrantyStartDate><OverallWarrantyEndDate>2006-12-31</OverallWarrantyEndDate><ActiveContractEntitlement>false</ActiveContractEntitlement><OOS id="ID_455_1"><OOSType>HW</OOSType><Product><ProductID>A5191B</ProductID><ProductDescription>HP server rp5450 Solution</ProductDescription><ProductLineCode>2M</ProductLineCode></Product></OOS><Warranty><WarrantyType>FR</WarrantyType><TermCode>A003</TermCode><PortfolioFlag>G</PortfolioFlag><WarrantyDeterminationCode>04</WarrantyDeterminationCode><WarrantyDeterminationDescription>Sales receipt Purchase date</WarrantyDeterminationDescription><WarrantyStartDate>2004-01-01</WarrantyStartDate><GracePeriod>0</GracePeriod><Global>true</Global><InstallationIncluded>false</InstallationIncluded><SitePreparation>false</SitePreparation><WarrantyExtension>0</WarrantyExtension><Offer id="ID_455_2"><OfferCode>HA151AW</OfferCode><OfferDescription>Wty: HP HW Maintenance Onsite Support</OfferDescription><Modifier><ModName>WTY_HWMON_MATERIAL_HANDLING</ModName><ModValue>STD</ModValue><ModDesc>Standard Material Handling</ModDesc></Modifier><Modifier><ModName>WTY_HWMON_GEOGRAPHIC_COVERAGE</ModName><ModValue>GLB</ModValue><ModDesc>Global Coverage</ModDesc></Modifier><Modifier><ModName>WTY_HWMON_DEL_RESP_METH_REMOTE</ModName><ModValue>NA</ModValue><ModDesc>NextAvail TechResource Remote</ModDesc></Modifier><Modifier><ModName>WTY_HWMON_DEL_RESP_METH_ONSITE</ModName><ModValue>NA</ModValue><ModDesc>NextAvail TechResource Onsite</ModDesc></Modifier><Modifier><ModName>COV_WINDOW5</ModName><ModValue>STD</ModValue><ModDesc>Std Office Hrs Std Office Days</ModDesc></Modifier><Modifier><ModName>RESPONSE_TIME</ModName><ModValue>NCD</ModValue><ModDesc>Next Cov Day Onsite Response</ModDesc></Modifier><Modifier><ModName>WTY_HWMON_PARTS_LOGISTICS</ModName><ModValue>STD</ModValue><ModDesc>Standard Parts Logistics</ModDesc></Modifier><Modifier><ModName>WTY_HWMON_USAGE_LIMITATIONS</ModName><ModValue>NL</ModValue><ModDesc>No Usage Limitation</ModDesc></Modifier><Deliverable><DelivCode>WTY_HWMON_ONSITE_SUPPORT</DelivCode><DelivName>Onsite Support</DelivName><DelivValue>Y</DelivValue></Deliverable><Deliverable><DelivCode>WTY_HWMON_MATERIAL</DelivCode><DelivName>Parts and Material provided</DelivName><DelivValue>Y</DelivValue></Deliverable><Deliverable><DelivCode>WTY_HWMON_PROBLEM_DIAGNOSIS</DelivCode><DelivName>Hardware Problem Diagnosis</DelivName><DelivValue>Y</DelivValue></Deliverable><AppliesTo OOSRef="ID_455_1"><StartDate>2004-01-01</StartDate><EndDate>2006-12-31</EndDate><Status>X</Status><ActiveAppliesTo>false</ActiveAppliesTo><OOSKey></OOSKey></AppliesTo></Offer></Warranty><ServiceNote><ServiceNoteNumber>c00672099</ServiceNoteNumber><ServiceNoteObjective></ServiceNoteObjective><ServiceNoteDescription>HP L1000/L2000 PDC 44.28 Firmware Revision</ServiceNoteDescription><RecommendedAction>Not Applicable</RecommendedAction><StartingSerialNumber>0000000000</StartingSerialNumber><EndingSerialNumber>ZZZZZZZZZZ</EndingSerialNumber></ServiceNote><ServiceNote><ServiceNoteNumber>c02623429</ServiceNoteNumber><ServiceNoteObjective></ServiceNoteObjective><ServiceNoteDescription>Advisory: (Revision) HP Insight Remote Support Connectivity Loss with HP</ServiceNoteDescription><RecommendedAction>Fix Immediately</RecommendedAction><StartingSerialNumber>0000000000</StartingSerialNumber><EndingSerialNumber>ZZZZZZZZZZ</EndingSerialNumber></ServiceNote><ServiceNote><ServiceNoteNumber>c02678348</ServiceNoteNumber><ServiceNoteObjective></ServiceNoteObjective><ServiceNoteDescription>CUSTOMER BULLETIN (REVISED): HP-UX: VxFS data integrity concern with write (2) system call with O_SYNC/O_DSYNC flag set</ServiceNoteDescription><RecommendedAction>Fix Immediately</RecommendedAction><StartingSerialNumber>0000000000</StartingSerialNumber><EndingSerialNumber>ZZZZZZZZZZ</EndingSerialNumber></ServiceNote><ServiceNote><ServiceNoteNumber>c02725027</ServiceNoteNumber><ServiceNoteObjective></ServiceNoteObjective><ServiceNoteDescription>BULLETIN CLIENT : HP-UX : Problème d'intégrité des données VxFS avec l'appel système d'écriture (2) avec l'indicateur O_SYNC/O_DSYNC défini</ServiceNoteDescription><RecommendedAction>Fix Immediately</RecommendedAction><StartingSerialNumber>0000000000</StartingSerialNumber><EndingSerialNumber>ZZZZZZZZZZ</EndingSerialNumber></ServiceNote><ServiceNote><ServiceNoteNumber>c02725028</ServiceNoteNumber><ServiceNoteObjective></ServiceNoteObjective><ServiceNoteDescription>KUNDEN-BULLETIN: HP-UX: Problem mit der VxFS-Datenintegrität beim Systemaufruf für den Schreibvorgang (2), wenn das Flag auf O_SYNC/O_DSYNC gesetzt ist</ServiceNoteDescription><RecommendedAction>Fix Immediately</RecommendedAction><StartingSerialNumber>0000000000</StartingSerialNumber><EndingSerialNumber>ZZZZZZZZZZ</EndingSerialNumber></ServiceNote><ServiceNote><ServiceNoteNumber>c02725029</ServiceNoteNumber><ServiceNoteObjective></ServiceNoteObjective><ServiceNoteDescription>BOLLETTINO CLIENTI: HP-UX: Rischio relativo all'integrità dei dati VxFS con scrittura (2) di chiamata di sistema e impostazione flag O_SYNC/O_DSYNC</ServiceNoteDescription><RecommendedAction>Fix Immediately</RecommendedAction><StartingSerialNumber>0000000000</StartingSerialNumber><EndingSerialNumber>ZZZZZZZZZZ</EndingSerialNumber></ServiceNote><ServiceNote><ServiceNoteNumber>c02725030</ServiceNoteNumber><ServiceNoteObjective></ServiceNoteObjective><ServiceNoteDescription>INFORMATIVO PARA CLIENTES: HP-UX: Preocupação com a integridade de dados do VxFS com a chamada do sistema de gravação (2) com ajuste de sinalizador O_SYNC/O_DSYNC</ServiceNoteDescription><RecommendedAction>Fix Immediately</RecommendedAction><StartingSerialNumber>0000000000</StartingSerialNumber><EndingSerialNumber>ZZZZZZZZZZ</EndingSerialNumber></ServiceNote><ServiceNote><ServiceNoteNumber>c02725031</ServiceNoteNumber><ServiceNoteObjective></ServiceNoteObjective><ServiceNoteDescription>BOLETÍN DE CLIENTE: HP-UX: Problema de integridad de datos de VxFS con la llamada al sistema "write (2)" cuando está establecido el indicador O_SYNC/O_DSYNC</ServiceNoteDescription><RecommendedAction>Fix Immediately</RecommendedAction><StartingSerialNumber>0000000000</StartingSerialNumber><EndingSerialNumber>ZZZZZZZZZZ</EndingSerialNumber></ServiceNote><ServiceNote><ServiceNoteNumber>c02794465</ServiceNoteNumber><ServiceNoteObjective></ServiceNoteObjective><ServiceNoteDescription>CUSTOMER BULLETIN: HP-UX: O_SYNC/O_DSYNCフラグが設定されたwrite (2) システムコールに関するVxFSデータの整合性の問題</ServiceNoteDescription><RecommendedAction>Fix Immediately</RecommendedAction><StartingSerialNumber>0000000000</StartingSerialNumber><EndingSerialNumber>ZZZZZZZZZZ</EndingSerialNumber></ServiceNote><Working><WorkingName>SWOP Warranty ID</WorkingName><WorkingValue>A003</WorkingValue></Working><Working><WorkingName>SWOP Warranty Start Date</WorkingName><WorkingValue>2004-01-01</WorkingValue></Working><Working><WorkingName>SWOP Grace Period</WorkingName><WorkingValue>0</WorkingValue></Working><Working><WorkingName>SWOP Start Date Type</WorkingName><WorkingValue>Sales receipt Purchase date</WorkingValue></Working><Working><WorkingName>SWOP Instance</WorkingName><WorkingValue>sapnt1.sapnet.hp.com</WorkingValue></Working><Working><WorkingName>SWOP Request Status</WorkingName><WorkingValue>Successful</WorkingValue></Working><Working><WorkingName>SWOP Unit List Returned</WorkingName><WorkingValue>N</WorkingValue></Working><Working><WorkingName>SWOP Product Base Warranty</WorkingName><WorkingValue>Y</WorkingValue></Working></CombinedProductEntitlement></EsReply></MessageBody><MessageTrailer/></EIAMessage>