<?xml version="1.0" encoding="UTF-8"?><EIAMessage><MessageHeader><MessageID>8012920</MessageID><TimeStamp>2013-06-20T09:56:54.369</TimeStamp><MessageType>error</MessageType><ServiceDescriptor><ServiceID>es</ServiceID><MajorVersion>10</MajorVersion><MinorVersion>1</MinorVersion></ServiceDescriptor><MessageSecurity><SecurityCredentials><UserName>es</UserName><UserPassword>es</UserPassword></SecurityCredentials></MessageSecurity></MessageHeader><MessageBody><EIAError><TimeStamp>2013-06-20T09:56:54.356</TimeStamp><ErrorLevel>FUNCTIONAL</ErrorLevel><ErrorID>201</ErrorID><ErrorText>Parameter contains invalid data: EntitlementCheckDate</ErrorText><ErrorClass>InvalidDataContent</ErrorClass><DataPayLoad>The configured range for EntitlementCheckDate is -2000 day(s)/+1 day(s) around the current date [TXID 8012921]</DataPayLoad></EIAError></MessageBody><MessageTrailer/></EIAMessage>