  <?xml version="1.0" encoding="UTF-8"?><EIAMessage><MessageHeader><MessageID>8459849</MessageID><TimeStamp>2013-12-20T10:56:03.566</TimeStamp><MessageType>error</MessageType><ServiceDescriptor><ServiceID>es</ServiceID><MajorVersion>10</MajorVersion><MinorVersion>1</MinorVersion></ServiceDescriptor><MessageSecurity><SecurityCredentials><UserName>es</UserName><UserPassword>es</UserPassword></SecurityCredentials></MessageSecurity></MessageHeader><MessageBody><EIAError><TimeStamp>2013-12-20T10:56:03.562</TimeStamp><ErrorLevel>FUNCTIONAL</ErrorLevel><ErrorID>202</ErrorID><ErrorText>No unit found with supplied serial number - try to additionally provide the product number</ErrorText><ErrorClass>MissingDataContent</ErrorClass><DataPayLoad>Source WARRANTY SWOP 2010: No product found for this serial number. [TXID 8459849]</DataPayLoad></EIAError></MessageBody><MessageTrailer/></EIAMessage>
