<?xml version="1.0" encoding="UTF-8"?><EIAMessage>	<MessageHeader>		<MessageID>9093965</MessageID>		<TimeStamp>2014-10-30T15:00:02.958</TimeStamp>		<MessageType>error</MessageType>		<ServiceDescriptor>			<ServiceID>es</ServiceID>			<MajorVersion>10</MajorVersion>			<MinorVersion>1</MinorVersion>		</ServiceDescriptor>		<MessageSecurity>			<SecurityCredentials>				<UserName>es</UserName>				<UserPassword>es</UserPassword>			</SecurityCredentials>		</MessageSecurity>	</MessageHeader>	<MessageBody>		<EIAError>			<TimeStamp>2014-10-30T14:59:46.300</TimeStamp>			<ErrorLevel>FUNCTIONAL</ErrorLevel>			<ErrorID>214</ErrorID>			<ErrorText>Product or part not eligible for warranty</ErrorText>			<ErrorClass>DataNotFound</ErrorClass>			<DataPayLoad>Source WARRANTY SWOP 2006: Product is defined as not				eligible for warranty.			</DataPayLoad>		</EIAError>	</MessageBody>	<MessageTrailer /></EIAMessage>