  <?xml version="1.0" encoding="UTF-8"?><EIAMessage><MessageHeader><MessageID>11440508</MessageID><TimeStamp>2015-10-23T04:16:03.685</TimeStamp><MessageType>reply</MessageType><ServiceDescriptor><ServiceID>es</ServiceID><MajorVersion>10</MajorVersion><MinorVersion>1</MinorVersion></ServiceDescriptor><MessageSecurity><SecurityCredentials><UserName>es</UserName><UserPassword>es</UserPassword></SecurityCredentials></MessageSecurity></MessageHeader><MessageBody><EsReply><EsHeader><InputRequest><Operation>getEntitlementByPn</Operation><ClientAppID>EsTest</ClientAppID><EntitlementByPnRequest><ActiveServicesOnly>false</ActiveServicesOnly><IncludeAddresses>false</IncludeAddresses><IncludeContacts>false</IncludeContacts><IncludeOffers>true</IncludeOffers><IncludeDeliverables>true</IncludeDeliverables><IncludeModifiers>true</IncludeModifiers><IncludeWorkings>true</IncludeWorkings><EntitlementCheckDate>2015-10-23</EntitlementCheckDate><IsoCountryCd>CN</IsoCountryCd><ActiveWarrantyOnly>false</ActiveWarrantyOnly><IncludeWarranty>true</IncludeWarranty><IncludeServiceNotes>true</IncludeServiceNotes><ProductID>Q5736A</ProductID><IncludeUniqueOffers>true</IncludeUniqueOffers><IncludeUniqueDeliverables>true</IncludeUniqueDeliverables><IncludeOOSes>true</IncludeOOSes><CustomerOwnershipType>consumer</CustomerOwnershipType><IncludePartLevelWarranty>true</IncludePartLevelWarranty></EntitlementByPnRequest></InputRequest><TransactionID>11440508</TransactionID><Warnings><EIAError><TimeStamp>2015-10-23T04:16:03.636</TimeStamp><ErrorLevel>WARNING</ErrorLevel><ErrorID>426</ErrorID><ErrorText>Source System warning code and description: 1015 ; Product Q5736A             is OUT of WARRANTY (OOW) since 31-JUL-2013</ErrorText><ErrorClass>MissingDataContent</ErrorClass><DataPayLoad>Source WARRANTY </DataPayLoad></EIAError><EIAError><TimeStamp>2015-10-23</TimeStamp><ErrorLevel>WARNING</ErrorLevel><ErrorID>903</ErrorID><ErrorText>Warning message testing4</ErrorText><ErrorClass>InvalidDataFormat</ErrorClass></EIAError></Warnings></EsHeader><CombinedProductEntitlement><ActiveWarrantyEntitlement>false</ActiveWarrantyEntitlement><OverallWarrantyStartDate>2013-07-31</OverallWarrantyStartDate><OverallWarrantyEndDate>2013-07-31</OverallWarrantyEndDate><ActiveContractEntitlement>false</ActiveContractEntitlement><OOS id="ID_454_1"><OOSType>HW</OOSType><Product><ProductID>Q5736A</ProductID><ProductDescription>HP Photosmart Pro B9180 Printer</ProductDescription><ProductLineCode>5M</ProductLineCode></Product></OOS><Warranty><WarrantyType>FR</WarrantyType><TermCode>NWTY</TermCode><PortfolioFlag>G</PortfolioFlag><WarrantyDeterminationCode>08</WarrantyDeterminationCode><WarrantyDeterminationDescription>Out of Warranty</WarrantyDeterminationDescription><WarrantyStartDate>2013-07-31</WarrantyStartDate><GracePeriod>0</GracePeriod><Global>false</Global><InstallationIncluded>false</InstallationIncluded><SitePreparation>false</SitePreparation><WarrantyExtension>0</WarrantyExtension></Warranty><Working><WorkingName>SWOP Warranty ID</WorkingName><WorkingValue>NWTY</WorkingValue></Working><Working><WorkingName>SWOP Warranty Start Date</WorkingName><WorkingValue>2013-07-31</WorkingValue></Working><Working><WorkingName>SWOP Grace Period</WorkingName><WorkingValue>0</WorkingValue></Working><Working><WorkingName>SWOP Start Date Type</WorkingName><WorkingValue>Out of Warranty</WorkingValue></Working><Working><WorkingName>SWOP Instance</WorkingName><WorkingValue>sapnt3.sapnet.hp.com</WorkingValue></Working><Working><WorkingName>SWOP Request Status</WorkingName><WorkingValue>Successful</WorkingValue></Working><Working><WorkingName>SWOP Unit List Returned</WorkingName><WorkingValue>N</WorkingValue></Working><Working><WorkingName>SWOP Product Base Warranty</WorkingName><WorkingValue>N</WorkingValue></Working></CombinedProductEntitlement></EsReply></MessageBody><MessageTrailer/></EIAMessage>