  <?xml version="1.0" encoding="UTF-8"?><EIAMessage><MessageHeader><MessageID>11441288</MessageID><TimeStamp>2015-10-23T06:02:38.393</TimeStamp><MessageType>error</MessageType><ServiceDescriptor><ServiceID>es</ServiceID><MajorVersion>10</MajorVersion><MinorVersion>1</MinorVersion></ServiceDescriptor><MessageSecurity><SecurityCredentials><UserName>es</UserName><UserPassword>es</UserPassword></SecurityCredentials></MessageSecurity></MessageHeader><MessageBody><EIAError><TimeStamp>2015-10-23T06:02:38.274</TimeStamp><ErrorLevel>FUNCTIONAL</ErrorLevel><ErrorID>200</ErrorID><ErrorText>Mandatory parameter is missing: The parameter IsoCountryCd is missing in GetWarrantyEntitlementOperation</ErrorText><ErrorClass>MissingDataContent</ErrorClass><DataPayLoad>Source WARRANTY  [TXID 11441288]</DataPayLoad></EIAError></MessageBody><MessageTrailer/></EIAMessage>