<?xml version="1.0" encoding="UTF-8" ?>
<EIAMessage>
    <MessageHeader>
  <MessageID>146484</MessageID>
  <TimeStamp>2012-02-13T06:30:54.604</TimeStamp>
  <MessageType>error</MessageType>
        <ServiceDescriptor>
            <ServiceID>ES</ServiceID>
   <MajorVersion>10</MajorVersion>
   <MinorVersion>1</MinorVersion>
        </ServiceDescriptor>
        <MessageSecurity>
            <SecurityCredentials>
    <UserName>es</UserName>
    <UserPassword>es</UserPassword>
            </SecurityCredentials>
        </MessageSecurity>
    </MessageHeader>

    <MessageBody>
  <EIAError>
   <TimeStamp>2012-02-13T06:30:54.591</TimeStamp>
   <ErrorLevel>FUNCTIONAL</ErrorLevel>

   <ErrorID>201</ErrorID>
   <ErrorText>Parameter contains invalid data: Serial Number</ErrorText>
   <ErrorClass>InvalidDataContent</ErrorClass>
   <DataPayLoad>Source WARRANTY SWOP 2022: Invalid or obsolete serial number. [TXID 146485]</DataPayLoad>
  </EIAError>
    </MessageBody>

    <MessageTrailer />
</EIAMessage>
