  <?xml version="1.0" encoding="UTF-8"?><EIAMessage><MessageHeader><MessageID>8128506</MessageID><TimeStamp>2013-08-28T09:57:58.465</TimeStamp><MessageType>error</MessageType><ServiceDescriptor><ServiceID>es</ServiceID><MajorVersion>10</MajorVersion><MinorVersion>1</MinorVersion></ServiceDescriptor><MessageSecurity><SecurityCredentials><UserName>es</UserName><UserPassword>es</UserPassword></SecurityCredentials></MessageSecurity></MessageHeader><MessageBody><EIAError><TimeStamp>2013-08-28T09:57:58.366</TimeStamp><ErrorLevel>FUNCTIONAL</ErrorLevel><ErrorID>300</ErrorID><ErrorText>No data found</ErrorText><ErrorClass>DataNotFound</ErrorClass><DataPayLoad>Source CONTRACT  [TXID 8128507]</DataPayLoad></EIAError></MessageBody><MessageTrailer/></EIAMessage>
