  <?xml version="1.0" encoding="UTF-8"?><EIAMessage><MessageHeader><MessageID>11441309</MessageID><TimeStamp>2015-10-23T06:02:40.593</TimeStamp><MessageType>reply</MessageType><ServiceDescriptor><ServiceID>es</ServiceID><MajorVersion>10</MajorVersion><MinorVersion>1</MinorVersion></ServiceDescriptor><MessageSecurity><SecurityCredentials><UserName>es</UserName><UserPassword>es</UserPassword></SecurityCredentials></MessageSecurity></MessageHeader><MessageBody><EsReply><EsHeader><InputRequest><Operation>getEntitlementBySn</Operation><ClientAppID>EsTest</ClientAppID><EntitlementBySnRequest><DataEntrySite></DataEntrySite><SourceCustomerID></SourceCustomerID><RedAccessID></RedAccessID><ActiveContractsOnly>false</ActiveContractsOnly><ActiveServicesOnly>false</ActiveServicesOnly><IncludeAddresses>false</IncludeAddresses><IncludeContacts>false</IncludeContacts><IncludeOffers>true</IncludeOffers><IncludeDeliverables>false</IncludeDeliverables><IncludeModifiers>false</IncludeModifiers><IncludeWorkings>false</IncludeWorkings><EntitlementCheckDate>2015-10-23</EntitlementCheckDate><IsoCountryCd>US</IsoCountryCd><ActiveWarrantyOnly>false</ActiveWarrantyOnly><ServiceID></ServiceID><ConsumerBusinessLogicNeeded>false</ConsumerBusinessLogicNeeded><ContractIdentifier></ContractIdentifier><IncludeWarranty>true</IncludeWarranty><IncludeContracts>true</IncludeContracts><IncludeServiceNotes>false</IncludeServiceNotes><WarrantySourceSystem>ALL</WarrantySourceSystem><SerialNumber>MY57B920R6</SerialNumber><IncludeCATS>true</IncludeCATS></EntitlementBySnRequest></InputRequest><TransactionID>11441309</TransactionID><Warnings><EIAError><TimeStamp>2015-10-23T06:02:40.549</TimeStamp><ErrorLevel>WARNING</ErrorLevel><ErrorID>426</ErrorID><ErrorText>Source System warning code and description: 1015 ; Product Q5863A             is OUT of WARRANTY (OOW) since 30-JUL-2012</ErrorText><ErrorClass>MissingDataContent</ErrorClass><DataPayLoad>Source WARRANTY </DataPayLoad></EIAError></Warnings></EsHeader><CombinedUnitEntitlement><ActiveWarrantyEntitlement>false</ActiveWarrantyEntitlement><OverallWarrantyStartDate>2012-07-30</OverallWarrantyStartDate><OverallWarrantyEndDate>2012-07-30</OverallWarrantyEndDate><ActiveContractEntitlement>false</ActiveContractEntitlement><OOS id="ID_935_1"><OOSKey>679226075</OOSKey><OOSType>HW</OOSType><SerialNumber>MY57B920R6</SerialNumber><PurchaseAgreementNumber>IC</PurchaseAgreementNumber><SalesOrderNumber>0021384005</SalesOrderNumber><ShipToCountry>CA</ShipToCountry><ShipFromCountry>US</ShipFromCountry><SalesChannel>D</SalesChannel><Product><ProductID>Q5863A</ProductID><ProductDescription>HP Photosmart 3310 All-in-One Printer</ProductDescription><ProductLineCode>5M</ProductLineCode></Product></OOS><Warranty><WarrantyType>FR</WarrantyType><TermCode>NWTY</TermCode><PortfolioFlag>G</PortfolioFlag><WarrantyDeterminationCode>08</WarrantyDeterminationCode><WarrantyDeterminationDescription>Out of Warranty</WarrantyDeterminationDescription><WarrantyStartDate>2012-07-30</WarrantyStartDate><GracePeriod>0</GracePeriod><Global>false</Global><InstallationIncluded>false</InstallationIncluded><SitePreparation>false</SitePreparation><WarrantyExtension>0</WarrantyExtension></Warranty></CombinedUnitEntitlement></EsReply></MessageBody><MessageTrailer/></EIAMessage>