  <?xml version="1.0" encoding="UTF-8"?>
<EIAMessage>
	<MessageHeader>
		<MessageID>9040708</MessageID>
		<TimeStamp>2014-09-28T08:06:24.264</TimeStamp>
		<MessageType>reply</MessageType>
		<ServiceDescriptor>
			<ServiceID>es</ServiceID>
			<MajorVersion>10</MajorVersion>
			<MinorVersion>1</MinorVersion>
		</ServiceDescriptor>
		<MessageSecurity>
			<SecurityCredentials>
				<UserName>es</UserName>
				<UserPassword>es</UserPassword>
			</SecurityCredentials>
		</MessageSecurity>
	</MessageHeader>
	<MessageBody>
		<EsReply>
			<EsHeader>
				<InputRequest>
					<Operation>getEntitlementByPn</Operation>
					<ClientAppID>EsTest</ClientAppID>
					<EntitlementByPnRequest>
						<ContractIdentifierType>FunctionalLocation
						</ContractIdentifierType>
						<ActiveContractsOnly>false</ActiveContractsOnly>
						<ActiveServicesOnly>false</ActiveServicesOnly>
						<IncludeAddresses>true</IncludeAddresses>
						<IncludeContacts>true</IncludeContacts>
						<IncludeOffers>true</IncludeOffers>
						<IncludeDeliverables>true</IncludeDeliverables>
						<IncludeModifiers>true</IncludeModifiers>
						<IncludeWorkings>true</IncludeWorkings>
						<EntitlementCheckDate>2015-10-16</EntitlementCheckDate>
						<IsoCountryCd>US</IsoCountryCd>
						<ProofPurchaseDate>2001-01-01</ProofPurchaseDate>
						<ActiveWarrantyOnly>false</ActiveWarrantyOnly>
						<ContractIdentifier>OOS260B_0_OOSGroupID</ContractIdentifier>
						<IncludeWarranty>true</IncludeWarranty>
						<IncludeContracts>true</IncludeContracts>
						<IncludeServiceNotes>true</IncludeServiceNotes>
						<ProductID>A5066A</ProductID>
						<IncludeUniqueOffers>true</IncludeUniqueOffers>
						<IncludeUniqueDeliverables>true</IncludeUniqueDeliverables>
						<IncludeOOSes>true</IncludeOOSes>
					</EntitlementByPnRequest>
				</InputRequest>
				<TransactionID>11412697</TransactionID>
				<Warnings>
					<EIAError>
						<TimeStamp>2015-10-16T05:45:59.255</TimeStamp>
						<ErrorLevel>WARNING</ErrorLevel>
						<ErrorID>402</ErrorID>
						<ErrorText>Warranty calculated based on product number.
						</ErrorText>
						<ErrorClass>UnitNotFound</ErrorClass>
						<DataPayLoad>Source WARRANTY SWOP 1009: Record not found; Warranty
							calculated based on product number.</DataPayLoad>
					</EIAError>
					<EIAError>
						<TimeStamp>2015-10-16T05:45:59.120</TimeStamp>
						<ErrorLevel>FUNCTIONAL</ErrorLevel>
						<ErrorID>300</ErrorID>
						<ErrorText>No data found</ErrorText>
						<ErrorClass>DataNotFound</ErrorClass>
						<DataPayLoad>Source CONTRACT</DataPayLoad>
					</EIAError>
				</Warnings>
			</EsHeader>
			<CombinedProductEntitlement>
				<ActiveWarrantyEntitlement>false</ActiveWarrantyEntitlement>
				<OverallWarrantyStartDate>2001-01-01</OverallWarrantyStartDate>
				<OverallWarrantyEndDate>2001-12-31</OverallWarrantyEndDate>
				<ActiveContractEntitlement>false</ActiveContractEntitlement>
				<OOS id="ID_949_1">
					<OOSType>HW</OOSType>
					<Product>
						<ProductID>A5066A</ProductID>
						<ProductDescription>V Class 240MHz PA8200 CPU w 4MB Cache
						</ProductDescription>
						<ProductLineCode>1X</ProductLineCode>
					</Product>
				</OOS>
				<Warranty>
					<WarrantyType>FR</WarrantyType>
					<TermCode>A032</TermCode>
					<PortfolioFlag>G</PortfolioFlag>
					<WarrantyDeterminationCode>04</WarrantyDeterminationCode>
					<WarrantyDeterminationDescription>Sales receipt Purchase date
					</WarrantyDeterminationDescription>
					<WarrantyStartDate>2001-01-01</WarrantyStartDate>
					<GracePeriod>0</GracePeriod>
					<Global>true</Global>
					<InstallationIncluded>true</InstallationIncluded>
					<SitePreparation>true</SitePreparation>
					<WarrantyExtension>0</WarrantyExtension>
					<Offer id="ID_949_2">
						<OfferCode>HA151AW</OfferCode>
						<OfferDescription>Wty: HP HW Maintenance Onsite Support
						</OfferDescription>
						<Modifier>
							<ModName>WTY_HWMON_MATERIAL_HANDLING</ModName>
							<ModValue>STD</ModValue>
							<ModDesc>Standard Material Handling</ModDesc>
						</Modifier>
						<Modifier>
							<ModName>WTY_HWMON_GEOGRAPHIC_COVERAGE</ModName>
							<ModValue>GLB</ModValue>
							<ModDesc>Global Coverage</ModDesc>
						</Modifier>
						<Modifier>
							<ModName>WTY_HWMON_DEL_RESP_METH_REMOTE</ModName>
							<ModValue>NA</ModValue>
							<ModDesc>NextAvail TechResource Remote</ModDesc>
						</Modifier>
						<Modifier>
							<ModName>WTY_HWMON_DEL_RESP_METH_ONSITE</ModName>
							<ModValue>NA</ModValue>
							<ModDesc>NextAvail TechResource Onsite</ModDesc>
						</Modifier>
						<Modifier>
							<ModName>COV_WINDOW5</ModName>
							<ModValue>STD</ModValue>
							<ModDesc>Std Office Hrs Std Office Days</ModDesc>
						</Modifier>
						<Modifier>
							<ModName>WTY_HWMON_PARTS_LOGISTICS</ModName>
							<ModValue>STD</ModValue>
							<ModDesc>Standard Parts Logistics</ModDesc>
						</Modifier>
						<Modifier>
							<ModName>WTY_HWMON_USAGE_LIMITATIONS</ModName>
							<ModValue>NL</ModValue>
							<ModDesc>No Usage Limitation</ModDesc>
						</Modifier>
						<Modifier>
							<ModName>RESPONSE_TIME</ModName>
							<ModValue>4HR</ModValue>
							<ModDesc>4 Hr Onsite Response</ModDesc>
						</Modifier>
						<Deliverable>
							<DelivCode>WTY_HWMON_ONSITE_SUPPORT</DelivCode>
							<DelivName>Onsite Support</DelivName>
							<DelivValue>Y</DelivValue>
						</Deliverable>
						<Deliverable>
							<DelivCode>WTY_HWMON_MATERIAL</DelivCode>
							<DelivName>Parts and Material provided</DelivName>
							<DelivValue>Y</DelivValue>
						</Deliverable>
						<Deliverable>
							<DelivCode>WTY_HWMON_PROBLEM_DIAGNOSIS</DelivCode>
							<DelivName>Hardware Problem Diagnosis</DelivName>
							<DelivValue>Y</DelivValue>
						</Deliverable>
						<AppliesTo OOSRef="ID_949_1">
							<StartDate>2001-01-01</StartDate>
							<EndDate>2001-12-31</EndDate>
							<Status>X</Status>
							<ActiveAppliesTo>false</ActiveAppliesTo>
							<OOSKey></OOSKey>
						</AppliesTo>
					</Offer>
				</Warranty>
				<Working>
					<WorkingName>SWOP Warranty ID</WorkingName>
					<WorkingValue>A032</WorkingValue>
				</Working>
				<Working>
					<WorkingName>SWOP Warranty Start Date</WorkingName>
					<WorkingValue>2001-01-01</WorkingValue>
				</Working>
				<Working>
					<WorkingName>SWOP Grace Period</WorkingName>
					<WorkingValue>0</WorkingValue>
				</Working>
				<Working>
					<WorkingName>SWOP Start Date Type</WorkingName>
					<WorkingValue>Sales receipt Purchase date</WorkingValue>
				</Working>
				<Working>
					<WorkingName>SWOP Instance</WorkingName>
					<WorkingValue>sapnt1.sapnet.hp.com</WorkingValue>
				</Working>
				<Working>
					<WorkingName>SWOP Request Status</WorkingName>
					<WorkingValue>Successful</WorkingValue>
				</Working>
				<Working>
					<WorkingName>SWOP Unit List Returned</WorkingName>
					<WorkingValue>N</WorkingValue>
				</Working>
				<Working>
					<WorkingName>SWOP Product Base Warranty</WorkingName>
					<WorkingValue>Y</WorkingValue>
				</Working>
			</CombinedProductEntitlement>
		</EsReply>
	</MessageBody>
	<MessageTrailer />
</EIAMessage>
