<?xml version="1.0" encoding="UTF-8"?>
<EIAMessage>
	<MessageHeader>
		<MessageID>0</MessageID>
		<TimeStamp>2012-11-20T18:36:31.612</TimeStamp>
		<MessageType>error</MessageType>
		<ServiceDescriptor>
			<ServiceID>es</ServiceID>
			<MajorVersion>10</MajorVersion>
			<MinorVersion>1</MinorVersion>
		</ServiceDescriptor>
		<MessageSecurity>
			<SecurityCredentials>
				<UserName>TheMan</UserName>
				<UserPassword>FromNowhere</UserPassword>
			</SecurityCredentials>
		</MessageSecurity>
	</MessageHeader>
	<MessageBody>
		<EIAError>
			<TimeStamp>2012-11-20T18:36:31.209</TimeStamp>
			<ErrorLevel>FUNCTIONAL</ErrorLevel>
			<ErrorID>201</ErrorID>
			<ErrorText>Parameter contains invalid data: ProductID</ErrorText>
			<ErrorClass>InvalidDataContent</ErrorClass>
			<DataPayLoad>[TXID 0]</DataPayLoad>
		</EIAError>
	</MessageBody>
	<MessageTrailer />
</EIAMessage>

               