  <?xml version="1.0" encoding="UTF-8"?><EIAMessage><MessageHeader><MessageID>11441205</MessageID><TimeStamp>2015-10-23T06:02:26.580</TimeStamp><MessageType>error</MessageType><ServiceDescriptor><ServiceID>es</ServiceID><MajorVersion>10</MajorVersion><MinorVersion>1</MinorVersion></ServiceDescriptor><MessageSecurity><SecurityCredentials><UserName>es</UserName><UserPassword>es</UserPassword></SecurityCredentials></MessageSecurity></MessageHeader><MessageBody><EIAError><TimeStamp>2015-10-23T06:02:26.577</TimeStamp><ErrorLevel>FUNCTIONAL</ErrorLevel><ErrorID>300</ErrorID><ErrorText>No data found</ErrorText><ErrorClass>DataNotFound</ErrorClass><DataPayLoad>Source CONTRACT  [TXID 11441205]</DataPayLoad></EIAError></MessageBody><MessageTrailer/></EIAMessage>