  <?xml version="1.0" encoding="UTF-8"?><EIAMessage><MessageHeader><MessageID>8459854</MessageID><TimeStamp>2013-12-20T10:56:07.297</TimeStamp><MessageType>error</MessageType><ServiceDescriptor><ServiceID>es</ServiceID><MajorVersion>10</MajorVersion><MinorVersion>1</MinorVersion></ServiceDescriptor><MessageSecurity><SecurityCredentials><UserName>es</UserName><UserPassword>es</UserPassword></SecurityCredentials></MessageSecurity></MessageHeader><MessageBody><EIAError><TimeStamp>2013-12-20T10:56:07.165</TimeStamp><ErrorLevel>FUNCTIONAL</ErrorLevel><ErrorID>200</ErrorID><ErrorText>Mandatory parameter is missing: The parameter IsoCountryCd is missing in GetWarrantyEntitlementOperation</ErrorText><ErrorClass>MissingDataContent</ErrorClass><DataPayLoad>Source WARRANTY  [TXID 8459854]</DataPayLoad></EIAError></MessageBody><MessageTrailer/></EIAMessage>
