<?xml version="1.0" encoding="UTF-8"?>
<EIAMessage>
 <MessageHeader>
  <MessageID>test</MessageID>
  <MessageStatus></MessageStatus>
  <TimeStamp>04-12-2006	15:04:45	GMT+0:00</TimeStamp>
  <MessageType>error</MessageType>
  <MessageComment></MessageComment>
  <Routing>
   <SourceSystem>
    <SrcSystemInstance></SrcSystemInstance>
    <SrcSystemType></SrcSystemType>
    <SrcHPEntity></SrcHPEntity>
    <SrcCountry></SrcCountry>
    <SrcSiteName></SrcSiteName>
   </SourceSystem>
  </Routing>
  <ServiceDescriptor>
   <ServiceID>ES</ServiceID>
   <MajorVersion>5</MajorVersion>
   <MinorVersion>0</MinorVersion>
  </ServiceDescriptor>
  <MessageState>
   <Validated></Validated>
  </MessageState>
  <MessageSecurity>
   <SecurityCredentials>
    <UserName>unsecure</UserName>
    <UserPassword>unsecure</UserPassword>
   </SecurityCredentials>
   <SecurityPrivileges></SecurityPrivileges>
  </MessageSecurity>
 </MessageHeader>
 <MessageBody>
  <EIAError>
   <TimeStamp>2011-03-01T15:48:22.887</TimeStamp>
   <ErrorLevel>FUNCTIONAL</ErrorLevel>
   <ErrorID>300</ErrorID>
   <ErrorText>No data found</ErrorText>
   <ErrorClass>DataNotFound</ErrorClass>
   <DataPayLoad>Source CONTRACT  [TXID ID_1_381]</DataPayLoad>
  </EIAError>
 </MessageBody>
 <MessageTrailer>
  <Activity>
   <ActOriginator></ActOriginator>
   <ActDateTime>2002/02/04 14:05:16:487 GMT</ActDateTime>
   <ActLocation></ActLocation>
   <ActType>sent</ActType>
  </Activity>
 </MessageTrailer>
</EIAMessage>
