<?xml version="1.0" encoding="UTF-8"?>
<EIAMessage>
    <MessageHeader>
        <MessageID>test</MessageID>
        <MessageStatus>Processed</MessageStatus>
        <TimeStamp>04-05-2001	11:57:32:279	GMT+02:00</TimeStamp>
        <MessageType>error</MessageType>
        <MessageComment></MessageComment>
        <Routing>
            <SourceSystem>
                <SrcSystemInstance></SrcSystemInstance>
                <SrcSystemType></SrcSystemType>
                <SrcHPEntity></SrcHPEntity>
                <SrcCountry></SrcCountry>
                <SrcSiteName></SrcSiteName>
            </SourceSystem>
        </Routing>
        <ServiceDescriptor>
            <ServiceID>ES</ServiceID>
            <MajorVersion>6</MajorVersion>
            <MinorVersion>0</MinorVersion>
        </ServiceDescriptor>
        <MessageState>
            <Validated></Validated>
        </MessageState>
        <MessageSecurity>
            <SecurityCredentials>
                <UserName>TheMan</UserName>
                <UserPassword></UserPassword>
            </SecurityCredentials>
            <SecurityPrivileges></SecurityPrivileges>
        </MessageSecurity>
    </MessageHeader>
    <MessageBody>
        <EIAError>
            <TimeStamp>2003-12-05T15:37:38.948Z</TimeStamp>
            <ErrorLevel>FUNCTIONAL</ErrorLevel>
            <ErrorID>210</ErrorID>
            <ErrorText>Product number was not found: SHOULDNOTEXIST</ErrorText>
            <ErrorClass>DataNotFound</ErrorClass>
            <DataPayLoad>Source WARRANTY  [TXID ID_1_320]</DataPayLoad>
        </EIAError>
    </MessageBody>
    <MessageTrailer>
        <Activity>
            <ActOriginator>EIAAS</ActOriginator>
            <ActDateTime>2003-12-05T15:37:38.588Z</ActDateTime>
            <ActLocation>isoit621.bbn.hp.com/15.138.17.36:200315:ExecuteThread: '10' for queue: 'default'</ActLocation>
            <ActType>Received</ActType>
        </Activity>
        <Activity>
            <ActOriginator>EIAAS</ActOriginator>
            <ActDateTime>2003-12-05T15:37:38.591Z</ActDateTime>
            <ActLocation>isoit621.bbn.hp.com/15.138.17.36:200315:ExecuteThread: '10' for queue: 'default'</ActLocation>
            <ActType>Authenticated</ActType>
        </Activity>
        <Activity>
            <ActOriginator>EIAAS</ActOriginator>
            <ActDateTime>2003-12-05T15:37:38.592Z</ActDateTime>
            <ActLocation>isoit621.bbn.hp.com/15.138.17.36:200315:ExecuteThread: '10' for queue: 'default'</ActLocation>
            <ActType>Sent</ActType>
        </Activity>
        <Activity>
            <ActOriginator>EIAAS</ActOriginator>
            <ActDateTime>2003-12-05T15:37:39.576Z</ActDateTime>
            <ActLocation>isoit621.bbn.hp.com/15.138.17.36:200315:ExecuteThread: '10' for queue: 'default'</ActLocation>
            <ActType>Processed</ActType>
        </Activity>
    </MessageTrailer>
</EIAMessage>
