<?xml version="1.0" encoding="UTF-8"?><EIAMessage><MessageHeader><MessageID>9072912</MessageID><TimeStamp>2014-10-30T03:42:43.565</TimeStamp><MessageType>reply</MessageType><ServiceDescriptor><ServiceID>es</ServiceID><MajorVersion>10</MajorVersion><MinorVersion>1</MinorVersion></ServiceDescriptor><MessageSecurity><SecurityCredentials><UserName>es</UserName><UserPassword>es</UserPassword></SecurityCredentials></MessageSecurity></MessageHeader><MessageBody><EsReply><EsHeader><InputRequest><Operation>getEntitlementBySn</Operation><ClientAppID>EsTest</ClientAppID><EntitlementBySnRequest><EntitlementCheckDate>2014-10-30</EntitlementCheckDate><IsoCountryCd>US</IsoCountryCd><IncludeWarranty>true</IncludeWarranty><IncludeContracts>true</IncludeContracts><IncludeServiceNotes>true</IncludeServiceNotes><SerialNumber>6919CRZ4A029</SerialNumber><ProductID>135371-021</ProductID></EntitlementBySnRequest></InputRequest><TransactionID>9072912</TransactionID><Warnings><EIAError><TimeStamp>2014-10-30T03:42:43.515</TimeStamp><ErrorLevel>WARNING</ErrorLevel><ErrorID>416</ErrorID><ErrorText>Failed to decode manufacture_date from the serial number</ErrorText><ErrorClass>InvalidDataContent</ErrorClass><DataPayLoad>Source WARRANTY SWOP 1008: Unable to decode manufacture date from serial number.</DataPayLoad></EIAError><EIAError><TimeStamp>2014-10-30T03:42:43.515</TimeStamp><ErrorLevel>WARNING</ErrorLevel><ErrorID>418</ErrorID><ErrorText>Inaccurate warranty start date (based on introduction date), provide additional dates for start date calculation</ErrorText><ErrorClass>MissingDataContent</ErrorClass><DataPayLoad>Source WARRANTY SWOP 1001: Warranty based on product introduction date;request proof of purchase.</DataPayLoad></EIAError><EIAError><TimeStamp>2014-10-30T03:42:43.515</TimeStamp><ErrorLevel>WARNING</ErrorLevel><ErrorID>416</ErrorID><ErrorText>Failed to decode manufacture_date from the serial number</ErrorText><ErrorClass>InvalidDataContent</ErrorClass><DataPayLoad>Source WARRANTY SWOP 1008: Unable to decode manufacture date from serial number.</DataPayLoad></EIAError><EIAError><TimeStamp>2014-10-30T03:42:43.515</TimeStamp><ErrorLevel>WARNING</ErrorLevel><ErrorID>402</ErrorID><ErrorText>Warranty calculated based on product number.</ErrorText><ErrorClass>UnitNotFound</ErrorClass><DataPayLoad>Source WARRANTY SWOP 1009: Record not found; Warranty calculated based on product number.</DataPayLoad></EIAError></Warnings></EsHeader><CombinedUnitEntitlement><ActiveWarrantyEntitlement>false</ActiveWarrantyEntitlement><OverallWarrantyStartDate>2002-12-01</OverallWarrantyStartDate><OverallWarrantyEndDate>2004-01-28</OverallWarrantyEndDate><ActiveContractEntitlement>false</ActiveContractEntitlement><OOS id="ID_7967_1"><OOSType>HW</OOSType><SerialNumber>6919CRZ4A029</SerialNumber><Product><ProductID>135371-021</ProductID><ProductDescription>Aero 1520 EURO</ProductDescription><ProductLineCode>21</ProductLineCode></Product></OOS><Warranty><WarrantyType>FR</WarrantyType><TermCode>A044</TermCode><PortfolioFlag>G</PortfolioFlag><WarrantyDeterminationCode>36</WarrantyDeterminationCode><WarrantyDeterminationDescription>Introduction</WarrantyDeterminationDescription><WarrantyStartDate>2002-12-01</WarrantyStartDate><GracePeriod>59</GracePeriod><Global>true</Global><InstallationIncluded>false</InstallationIncluded><SitePreparation>false</SitePreparation><WarrantyExtension>0</WarrantyExtension></Warranty><ServiceNote><ServiceNoteNumber>c50043522</ServiceNoteNumber><ServiceNoteObjective></ServiceNoteObjective><ServiceNoteDescription>CS-4.3.3 with 6-3 PN and 12-digit SN: Certain Armada V300 Notebooks Do Not Wake from Hibernation</ServiceNoteDescription><RecommendedAction>Fix at Agreeable Time</RecommendedAction><StartingSerialNumber>00B000000001</StartingSerialNumber><EndingSerialNumber>ZZBZZZZZZZZ9</EndingSerialNumber></ServiceNote></CombinedUnitEntitlement></EsReply></MessageBody><MessageTrailer/></EIAMessage>