  <?xml version="1.0" encoding="UTF-8"?><EIAMessage><MessageHeader><MessageID>11441317</MessageID><TimeStamp>2015-10-23T06:02:41.157</TimeStamp><MessageType>error</MessageType><ServiceDescriptor><ServiceID>es</ServiceID><MajorVersion>10</MajorVersion><MinorVersion>1</MinorVersion></ServiceDescriptor><MessageSecurity><SecurityCredentials><UserName>es</UserName><UserPassword>es</UserPassword></SecurityCredentials></MessageSecurity></MessageHeader><MessageBody><EIAError><TimeStamp>2015-10-23T06:02:41.072</TimeStamp><ErrorLevel>FUNCTIONAL</ErrorLevel><ErrorID>214</ErrorID><ErrorText>Product or part not eligible for warranty</ErrorText><ErrorClass>DataNotFound</ErrorClass><DataPayLoad>Source WARRANTY SWOP 2013: Spare part is defined as not eligible for warranty. [TXID 11441317]</DataPayLoad></EIAError></MessageBody><MessageTrailer/></EIAMessage>