<?xml version="1.0" encoding="UTF-8"?>
<EIAMessage>
 <MessageHeader>
  <MessageID>189605</MessageID>
  <TimeStamp>2012-02-17T07:06:26.546</TimeStamp>
  <MessageType>reply</MessageType>
  <ServiceDescriptor>
   <ServiceID>es</ServiceID>
   <MajorVersion>10</MajorVersion>
   <MinorVersion>1</MinorVersion>
  </ServiceDescriptor>
  <MessageSecurity>
   <SecurityCredentials>
    <UserName>es</UserName>
    <UserPassword>es</UserPassword>
   </SecurityCredentials>
  </MessageSecurity>
 </MessageHeader>
 <MessageBody>
 <EsReply>
    <EsHeader>
        <InputRequest>
            <Operation>getEntitlementByPn</Operation>
            <ClientAppID>EsTest</ClientAppID>
            <EntitlementByPnRequest>
                <EntitlementCheckDate>2015-10-16</EntitlementCheckDate>
                <IsoCountryCd>US</IsoCountryCd>
                <IncludeWarranty>true</IncludeWarranty>
                <IncludeContracts>true</IncludeContracts>
                <IncludeServiceNotes>true</IncludeServiceNotes>
                <ProductID>Q1538A</ProductID>
            </EntitlementByPnRequest>
        </InputRequest>
        <TransactionID>11412864</TransactionID>
        <Warnings>
            <EIAError>
                <TimeStamp>2015-10-16T05:46:13.645</TimeStamp>
                <ErrorLevel>WARNING</ErrorLevel>
                <ErrorID>426</ErrorID>
                <ErrorText>Source System warning code and description: 1015 ; Product Q1538A             is OUT of WARRANTY (OOW) since 04-SEP-2015</ErrorText>
                <ErrorClass>MissingDataContent</ErrorClass>
                <DataPayLoad>Source WARRANTY</DataPayLoad>
            </EIAError>
            <EIAError>
                <TimeStamp>2015-10-16T05:46:13.495</TimeStamp>
                <ErrorLevel>FUNCTIONAL</ErrorLevel>
                <ErrorID>200</ErrorID>
                <ErrorText>Mandatory parameter is missing: The parameter ContractIdentifier is missing in GetContractEntitlementOperation</ErrorText>
                <ErrorClass>MissingDataContent</ErrorClass>
                <DataPayLoad>Source CONTRACT</DataPayLoad>
            </EIAError>
        </Warnings>
    </EsHeader>
    <CombinedProductEntitlement>
        <ActiveWarrantyEntitlement>false</ActiveWarrantyEntitlement>
        <OverallWarrantyStartDate>2015-09-04</OverallWarrantyStartDate>
        <OverallWarrantyEndDate>2015-09-04</OverallWarrantyEndDate>
        <ActiveContractEntitlement>false</ActiveContractEntitlement>
        <Warranty>
            <WarrantyType>FR</WarrantyType>
            <TermCode>NWTY</TermCode>
            <PortfolioFlag>G</PortfolioFlag>
            <WarrantyDeterminationCode>08</WarrantyDeterminationCode>
            <WarrantyDeterminationDescription>Out of Warranty</WarrantyDeterminationDescription>
            <WarrantyStartDate>2015-09-04</WarrantyStartDate>
            <GracePeriod>0</GracePeriod>
            <Global>false</Global>
            <InstallationIncluded>false</InstallationIncluded>
            <SitePreparation>false</SitePreparation>
            <WarrantyExtension>0</WarrantyExtension>
        </Warranty>
        <ServiceNote>
            <ServiceNoteNumber>c00707628</ServiceNoteNumber>
            <ServiceNoteObjective></ServiceNoteObjective>
            <ServiceNoteDescription>Advisory: EMC Legato NetWorker v7.X Backup Jobs May Fail with a 10 Second Timeout</ServiceNoteDescription>
            <RecommendedAction>Not Applicable</RecommendedAction>
            <StartingSerialNumber>0000000000</StartingSerialNumber>
            <EndingSerialNumber>ZZZZZZZZZZ</EndingSerialNumber>
        </ServiceNote>
        <ServiceNote>
            <ServiceNoteNumber>c00727889</ServiceNoteNumber>
            <ServiceNoteObjective></ServiceNoteObjective>
            <ServiceNoteDescription>Advisory: Veritas/Symantec BackupExec Will Deactivate Data Compression on Tape Drives</ServiceNoteDescription>
            <RecommendedAction>Fix on Specified Failure</RecommendedAction>
            <StartingSerialNumber>0000000000</StartingSerialNumber>
            <EndingSerialNumber>ZZZZZZZZZZ</EndingSerialNumber>
        </ServiceNote>
        <ServiceNote>
            <ServiceNoteNumber>c01204822</ServiceNoteNumber>
            <ServiceNoteObjective></ServiceNoteObjective>
            <ServiceNoteDescription>Advisory: Boot From Tape Issues on HP 9000 A, L and N Class Servers</ServiceNoteDescription>
            <RecommendedAction>Not Applicable</RecommendedAction>
            <StartingSerialNumber>0000000000</StartingSerialNumber>
            <EndingSerialNumber>ZZZZZZZZZZ</EndingSerialNumber>
        </ServiceNote>
        <ServiceNote>
            <ServiceNoteNumber>c01204832</ServiceNoteNumber>
            <ServiceNoteObjective></ServiceNoteObjective>
            <ServiceNoteDescription>Advisory: Introduction of G29D Firmware for HP StorageWorks Ultrium 960 Standalone Tape Drive</ServiceNoteDescription>
            <RecommendedAction>Not Applicable</RecommendedAction>
            <StartingSerialNumber>0000000000</StartingSerialNumber>
            <EndingSerialNumber>ZZZZZZZZZZ</EndingSerialNumber>
        </ServiceNote>
        <ServiceNote>
            <ServiceNoteNumber>c01204844</ServiceNoteNumber>
            <ServiceNoteObjective></ServiceNoteObjective>
            <ServiceNoteDescription>Advisory: Improved Firmware Available for HP SureStore/StorageWorks DAT 24 Standalone Tape Drive</ServiceNoteDescription>
            <RecommendedAction>Not Applicable</RecommendedAction>
            <StartingSerialNumber>0000000000</StartingSerialNumber>
            <EndingSerialNumber>ZZZZZZZZZZ</EndingSerialNumber>
        </ServiceNote>
        <ServiceNote>
            <ServiceNoteNumber>c01227612</ServiceNoteNumber>
            <ServiceNoteObjective></ServiceNoteObjective>
            <ServiceNoteDescription>Advisory: Yosemite TapeWare Does Not Recognize Tape Devices on a Red Hat Enterprise Linux</ServiceNoteDescription>
            <RecommendedAction>Not Applicable</RecommendedAction>
            <StartingSerialNumber>0000000000</StartingSerialNumber>
            <EndingSerialNumber>ZZZZZZZZZZ</EndingSerialNumber>
        </ServiceNote>
        <ServiceNote>
            <ServiceNoteNumber>c01227613</ServiceNoteNumber>
            <ServiceNoteObjective></ServiceNoteObjective>
            <ServiceNoteDescription>Advisory: Backups Take Longer Than Expected and May Appear Stalled on File /var/log/lastlog on 64 bit Linux Systems (Including IA64 and x86_64)</ServiceNoteDescription>
            <RecommendedAction>Not Applicable</RecommendedAction>
            <StartingSerialNumber>0000000000</StartingSerialNumber>
            <EndingSerialNumber>ZZZZZZZZZZ</EndingSerialNumber>
        </ServiceNote>
        <ServiceNote>
            <ServiceNoteNumber>c01227616</ServiceNoteNumber>
            <ServiceNoteObjective></ServiceNoteObjective>
            <ServiceNoteDescription>Advisory (Revision): Introduction of L411 Firmware for HP SureStore/StorageWorks DDS 3 Standalone Tape Drive</ServiceNoteDescription>
            <RecommendedAction>Not Applicable</RecommendedAction>
            <StartingSerialNumber>0000000000</StartingSerialNumber>
            <EndingSerialNumber>ZZZZZZZZZZ</EndingSerialNumber>
        </ServiceNote>
        <ServiceNote>
            <ServiceNoteNumber>c01229939</ServiceNoteNumber>
            <ServiceNoteObjective></ServiceNoteObjective>
            <ServiceNoteDescription>Advisory: HP StorageWorks DAT40 and DAT72 TapeArray Modules do not Appear on the SCSI Bus When the Server Restarts</ServiceNoteDescription>
            <RecommendedAction>Not Applicable</RecommendedAction>
            <StartingSerialNumber>0000000000</StartingSerialNumber>
            <EndingSerialNumber>ZZZZZZZZZZ</EndingSerialNumber>
        </ServiceNote>
        <ServiceNote>
            <ServiceNoteNumber>c02104711</ServiceNoteNumber>
            <ServiceNoteObjective></ServiceNoteObjective>
            <ServiceNoteDescription>Advisory: HP Smart Update Firmware DVD Version 9.0 - SCSI Tape Drive Smart Component May Not Be Listed as an Available Device When Operating in "Offline" Mode on ProLiant Servers</ServiceNoteDescription>
            <RecommendedAction>Fix on Specified Failure</RecommendedAction>
            <StartingSerialNumber>0000000000</StartingSerialNumber>
            <EndingSerialNumber>ZZZZZZZZZZ</EndingSerialNumber>
        </ServiceNote>
        <ServiceNote>
            <ServiceNoteNumber>c02177204</ServiceNoteNumber>
            <ServiceNoteObjective></ServiceNoteObjective>
            <ServiceNoteDescription>アドバイザリ: HP Smart Update Firmware DVDバージョン9.0 - ProLiantサーバーが「オフライン」モードで動作しているときに、SCSIテープドライブのSmartコンポーネントが利用可能なデバイスとして表示されないことがある</ServiceNoteDescription>
            <RecommendedAction>Fix on Specified Failure</RecommendedAction>
            <StartingSerialNumber>0000000000</StartingSerialNumber>
            <EndingSerialNumber>ZZZZZZZZZZ</EndingSerialNumber>
        </ServiceNote>
        <ServiceNote>
            <ServiceNoteNumber>c02197868</ServiceNoteNumber>
            <ServiceNoteObjective></ServiceNoteObjective>
            <ServiceNoteDescription>顾问文档： HP Smart Update Firmware DVD 版本 9.0 - ProLiant 服务器以"离线"模式运行时，SCSI 磁带机智能组件可能无法显示为可用设备</ServiceNoteDescription>
            <RecommendedAction>Fix on Specified Failure</RecommendedAction>
            <StartingSerialNumber>0000000000</StartingSerialNumber>
            <EndingSerialNumber>ZZZZZZZZZZ</EndingSerialNumber>
        </ServiceNote>
        <ServiceNote>
            <ServiceNoteNumber>c02201602</ServiceNoteNumber>
            <ServiceNoteObjective></ServiceNoteObjective>
            <ServiceNoteDescription>Advisory： HP Smart Update Firmware DVD 光碟 9.0 版 ─ 在 ProLiant 伺服器上於離線模式操作時， SCSI 磁帶機智慧型元件未被列為可用裝置</ServiceNoteDescription>
            <RecommendedAction>Fix on Specified Failure</RecommendedAction>
            <StartingSerialNumber>0000000000</StartingSerialNumber>
            <EndingSerialNumber>ZZZZZZZZZZ</EndingSerialNumber>
        </ServiceNote>
        <ServiceNote>
            <ServiceNoteNumber>c02236321</ServiceNoteNumber>
            <ServiceNoteObjective></ServiceNoteObjective>
            <ServiceNoteDescription>ADVISORY: HP StorageWorks SAS tape drive - Backups fail using the native LINUX SAS HBA driver</ServiceNoteDescription>
            <RecommendedAction>Fix on Specified Failure</RecommendedAction>
            <StartingSerialNumber>0000000000</StartingSerialNumber>
            <EndingSerialNumber>ZZZZZZZZZZ</EndingSerialNumber>
        </ServiceNote>
        <ServiceNote>
            <ServiceNoteNumber>c02250753</ServiceNoteNumber>
            <ServiceNoteObjective></ServiceNoteObjective>
            <ServiceNoteDescription>ADVISORY: HP StorageWorks SASテープドライブ - ネイティブのLinux SAS HBAドライバーを使用するとバックアップが失敗する</ServiceNoteDescription>
            <RecommendedAction>Fix on Specified Failure</RecommendedAction>
            <StartingSerialNumber>0000000000</StartingSerialNumber>
            <EndingSerialNumber>ZZZZZZZZZZ</EndingSerialNumber>
        </ServiceNote>
        <ServiceNote>
            <ServiceNoteNumber>c02293851</ServiceNoteNumber>
            <ServiceNoteObjective></ServiceNoteObjective>
            <ServiceNoteDescription>ADVISORY: Potential backup, verify, and restore issues with HP-UX block sizes larger than 256kB</ServiceNoteDescription>
            <RecommendedAction>Fix At Agreeable Time</RecommendedAction>
            <StartingSerialNumber>0000000000</StartingSerialNumber>
            <EndingSerialNumber>ZZZZZZZZZZ</EndingSerialNumber>
        </ServiceNote>
        <ServiceNote>
            <ServiceNoteNumber>c02295037</ServiceNoteNumber>
            <ServiceNoteObjective></ServiceNoteObjective>
            <ServiceNoteDescription>ADVISORY: Potential backup, verify, and restore issues with HP-UX block sizes larger than 256kB</ServiceNoteDescription>
            <RecommendedAction>Fix At Agreeable Time</RecommendedAction>
            <StartingSerialNumber>0000000000</StartingSerialNumber>
            <EndingSerialNumber>ZZZZZZZZZZ</EndingSerialNumber>
        </ServiceNote>
        <ServiceNote>
            <ServiceNoteNumber>c02451980</ServiceNoteNumber>
            <ServiceNoteObjective></ServiceNoteObjective>
            <ServiceNoteDescription>ADVISORY: ブロックサイズが256KB以上のHP-UXでのバックアップ、検証およびリストアの潜在的な問題</ServiceNoteDescription>
            <RecommendedAction>Fix At Agreeable Time</RecommendedAction>
            <StartingSerialNumber>0000000000</StartingSerialNumber>
            <EndingSerialNumber>ZZZZZZZZZZ</EndingSerialNumber>
        </ServiceNote>
        <ServiceNote>
            <ServiceNoteNumber>c02458887</ServiceNoteNumber>
            <ServiceNoteObjective></ServiceNoteObjective>
            <ServiceNoteDescription>CUSTOMER ADVISORY: (REVISED) Some HP StorageWorks Ultrium 3000 or 3280 drives running the early releases of firmware might reset or become unresponsive while reading an LTO generation 3 cartridge</ServiceNoteDescription>
            <RecommendedAction>Fix on Specified Failure</RecommendedAction>
            <StartingSerialNumber>0000000000</StartingSerialNumber>
            <EndingSerialNumber>ZZZZZZZZZZ</EndingSerialNumber>
        </ServiceNote>
        <ServiceNote>
            <ServiceNoteNumber>c02460897</ServiceNoteNumber>
            <ServiceNoteObjective></ServiceNoteObjective>
            <ServiceNoteDescription>CUSTOMER ADVISORY: ファームウェアの初期リリースを実行している一部のHP StorageWorks Ultrium 3000または3280ドライブが、HP StorageWorks LTO第3世代カートリッジの読み込み中に、リセットするか応答しなくなることがある</ServiceNoteDescription>
            <RecommendedAction>Fix on Specified Failure</RecommendedAction>
            <StartingSerialNumber>0000000000</StartingSerialNumber>
            <EndingSerialNumber>ZZZZZZZZZZ</EndingSerialNumber>
        </ServiceNote>
        <ServiceNote>
            <ServiceNoteNumber>c02535143</ServiceNoteNumber>
            <ServiceNoteObjective></ServiceNoteObjective>
            <ServiceNoteDescription>CUSTOMER ADVISORY： (修訂版) 部分執行較早版本韌體的 HP StorageWorks Ultrium 3000 或 3280 磁帶機在讀取 LTO 第 3 代磁帶時，可能重設或變成沒有回應</ServiceNoteDescription>
            <RecommendedAction>Fix on Specified Failure</RecommendedAction>
            <StartingSerialNumber>0000000000</StartingSerialNumber>
            <EndingSerialNumber>ZZZZZZZZZZ</EndingSerialNumber>
        </ServiceNote>
        <ServiceNote>
            <ServiceNoteNumber>c02535213</ServiceNoteNumber>
            <ServiceNoteObjective></ServiceNoteObjective>
            <ServiceNoteDescription>客户顾问文档： （修订）在读取 LTO 第三代磁带时，运行早期固件版本的一些 HP StorageWorks Ultrium 3000 或 3280 驱动器可能会重置或者变得无法响应</ServiceNoteDescription>
            <RecommendedAction>Fix on Specified Failure</RecommendedAction>
            <StartingSerialNumber>0000000000</StartingSerialNumber>
            <EndingSerialNumber>ZZZZZZZZZZ</EndingSerialNumber>
        </ServiceNote>
        <ServiceNote>
            <ServiceNoteNumber>c02788348</ServiceNoteNumber>
            <ServiceNoteObjective></ServiceNoteObjective>
            <ServiceNoteDescription>ENGINEERING ADVISORY: Some customers who purchased a tape drive after August 2010 received HP Data Protector Express 4.x SSE instead of HP Data Protector Express 5.0 Basic with their tape drive</ServiceNoteDescription>
            <RecommendedAction>Fix on Specified Failure</RecommendedAction>
            <StartingSerialNumber>0000000000</StartingSerialNumber>
            <EndingSerialNumber>ZZZZZZZZZZ</EndingSerialNumber>
        </ServiceNote>
        <ServiceNote>
            <ServiceNoteNumber>c03190458</ServiceNoteNumber>
            <ServiceNoteObjective></ServiceNoteObjective>
            <ServiceNoteDescription>CUSTOMER ADVISORY: HP Ultrium Tape Drives and HP DAT Tape Drives - An attempt to restore an HP-UX 11.31 backup with may become unresponsive if the September 2011 patch has not been installed</ServiceNoteDescription>
            <RecommendedAction>Fix on Specified Failure</RecommendedAction>
            <StartingSerialNumber>0000000000</StartingSerialNumber>
            <EndingSerialNumber>ZZZZZZZZZZ</EndingSerialNumber>
        </ServiceNote>
        <ServiceNote>
            <ServiceNoteNumber>c03193254</ServiceNoteNumber>
            <ServiceNoteObjective></ServiceNoteObjective>
            <ServiceNoteDescription>CUSTOMER ADVISORY: HP Ultrium Tape Drives and HP DAT Tape Drives - An attempt to restore an HP-UX 11.31 backup with may become unresponsive if the September 2011 patch has not been installed</ServiceNoteDescription>
            <RecommendedAction>Fix on Specified Failure</RecommendedAction>
            <StartingSerialNumber>0000000000</StartingSerialNumber>
            <EndingSerialNumber>ZZZZZZZZZZ</EndingSerialNumber>
        </ServiceNote>
        <ServiceNote>
            <ServiceNoteNumber>c03237125</ServiceNoteNumber>
            <ServiceNoteObjective></ServiceNoteObjective>
            <ServiceNoteDescription>AVIS CLIENT : Lecteurs de bande HP Ultrium et HP DAT - Une tentative de restauration d'une sauvegarde HP-UX 11.31 est susceptible de cesser de répondre si le correctif de septembre 2011 n'a pas été installé</ServiceNoteDescription>
            <RecommendedAction>Fix on Specified Failure</RecommendedAction>
            <StartingSerialNumber>0000000000</StartingSerialNumber>
            <EndingSerialNumber>ZZZZZZZZZZ</EndingSerialNumber>
        </ServiceNote>
        <ServiceNote>
            <ServiceNoteNumber>c03237126</ServiceNoteNumber>
            <ServiceNoteObjective></ServiceNoteObjective>
            <ServiceNoteDescription>KUNDENRATGEBER: HP Ultrium-Bandlaufwerke und HP DAT-Bandlaufwerke - Beim Wiederherstellen einer Sicherung von HP-UX 11.31 reagiert das Gerät nicht mehr, falls der Patch von September 2011 nicht installiert wurde</ServiceNoteDescription>
            <RecommendedAction>Fix on Specified Failure</RecommendedAction>
            <StartingSerialNumber>0000000000</StartingSerialNumber>
            <EndingSerialNumber>ZZZZZZZZZZ</EndingSerialNumber>
        </ServiceNote>
        <ServiceNote>
            <ServiceNoteNumber>c03237127</ServiceNoteNumber>
            <ServiceNoteObjective></ServiceNoteObjective>
            <ServiceNoteDescription>CONSULENZA CLIENTI: Unità nastro HP Ultrium e HP DAT - Il tentativo di ripristinare un backup HP-UX 11.31 non riesce se non è installata la patch di settembre 2011</ServiceNoteDescription>
            <RecommendedAction>Fix on Specified Failure</RecommendedAction>
            <StartingSerialNumber>0000000000</StartingSerialNumber>
            <EndingSerialNumber>ZZZZZZZZZZ</EndingSerialNumber>
        </ServiceNote>
        <ServiceNote>
            <ServiceNoteNumber>c03237128</ServiceNoteNumber>
            <ServiceNoteObjective></ServiceNoteObjective>
            <ServiceNoteDescription>AVISO AOS CLIENTES: Unidades de fita HP Ultrium e HP DAT - Uma tentativa de restaurar um backup do HP-UX 11.31 pode parar de responder se o patch de setembro de 2011 não estiver instalado</ServiceNoteDescription>
            <RecommendedAction>Fix on Specified Failure</RecommendedAction>
            <StartingSerialNumber>0000000000</StartingSerialNumber>
            <EndingSerialNumber>ZZZZZZZZZZ</EndingSerialNumber>
        </ServiceNote>
        <ServiceNote>
            <ServiceNoteNumber>c03237129</ServiceNoteNumber>
            <ServiceNoteObjective></ServiceNoteObjective>
            <ServiceNoteDescription>ASESORAMIENTO A USUARIOS: Unidades de cinta HP Ultrium y HP DAT: Los intentos de restauración de una copia de seguridad de HP-UX 11.31 pueden dejar de responder si no se ha instalado el parche de septiembre de 2011</ServiceNoteDescription>
            <RecommendedAction>Fix on Specified Failure</RecommendedAction>
            <StartingSerialNumber>0000000000</StartingSerialNumber>
            <EndingSerialNumber>ZZZZZZZZZZ</EndingSerialNumber>
        </ServiceNote>
        <ServiceNote>
            <ServiceNoteNumber>c03780246</ServiceNoteNumber>
            <ServiceNoteObjective></ServiceNoteObjective>
            <ServiceNoteDescription>CUSTOMER ADVISORY: HP StoreEver Ultrium Tape Drive may have incomplete LTFS file transfer, inaccessible LTFS Volumes, and Mac Finder may become unresponsive due to Mac OSX Sleep Mode</ServiceNoteDescription>
            <RecommendedAction>Fix Immediately</RecommendedAction>
            <StartingSerialNumber>0000000000</StartingSerialNumber>
            <EndingSerialNumber>ZZZZZZZZZZ</EndingSerialNumber>
        </ServiceNote>
        <ServiceNote>
            <ServiceNoteNumber>c50043507</ServiceNoteNumber>
            <ServiceNoteObjective></ServiceNoteObjective>
            <ServiceNoteDescription>CS-4.3.3 Product #, no serial #--HP StorageWorks Ultrium 960 Tape Drive Bus Reset on Drive Power Cycle with Adaptec Ultra320 HBA and Windows 2000 or Windows Server</ServiceNoteDescription>
            <RecommendedAction>Not Applicable</RecommendedAction>
            <StartingSerialNumber>0000000000</StartingSerialNumber>
            <EndingSerialNumber>ZZZZZZZZZZ</EndingSerialNumber>
        </ServiceNote>
    </CombinedProductEntitlement>
</EsReply>
 </MessageBody>
 <MessageTrailer/>
</EIAMessage>
