<?xml version="1.0" encoding="UTF-8" ?>
<EIAMessage>
    <MessageHeader>
  <MessageID>148507</MessageID>
  <TimeStamp>2012-02-13T07:32:36.988</TimeStamp>
  <MessageType>error</MessageType>
        <ServiceDescriptor>
            <ServiceID>ES</ServiceID>
   <MajorVersion>10</MajorVersion>
   <MinorVersion>1</MinorVersion>
        </ServiceDescriptor>
        <MessageSecurity>
            <SecurityCredentials>
    <UserName>es</UserName>
    <UserPassword>es</UserPassword>
            </SecurityCredentials>
        </MessageSecurity>
    </MessageHeader>

    <MessageBody>
  <EIAError>
   <TimeStamp>2012-02-13T07:32:35.242</TimeStamp>
   <ErrorLevel>FUNCTIONAL</ErrorLevel>

   <ErrorID>214</ErrorID>
   <ErrorText>Product or part not eligible for warranty</ErrorText>
   <ErrorClass>DataNotFound</ErrorClass>
   <DataPayLoad>Source WARRANTY SWOP 2006: Product is defined as not eligible for warranty. [TXID 148508]</DataPayLoad>
  </EIAError>
    </MessageBody>

    <MessageTrailer />
</EIAMessage>
