<?xml version="1.0" encoding="UTF-8"?>
<EIAMessage>
 <MessageHeader>
  <MessageID>test</MessageID>
  <MessageStatus></MessageStatus>
  <TimeStamp>04-05-2001	11:57:32:279	GMT+02:00</TimeStamp>
  <MessageType>error</MessageType>
  <MessageComment></MessageComment>
  <Routing>
   <SourceSystem>
    <SrcSystemInstance></SrcSystemInstance>
    <SrcSystemType></SrcSystemType>
    <SrcHPEntity></SrcHPEntity>
    <SrcCountry></SrcCountry>
    <SrcSiteName></SrcSiteName>
   </SourceSystem>
  </Routing>
  <ServiceDescriptor>
   <ServiceID>ES</ServiceID>
   <MajorVersion>10</MajorVersion>
   <MinorVersion>0</MinorVersion>
  </ServiceDescriptor>
  <MessageState>
   <Validated></Validated>
  </MessageState>
  <MessageSecurity>
   <SecurityCredentials>
    <UserName>TheMan</UserName>
    <UserPassword>FromNowhere</UserPassword>
   </SecurityCredentials>
   <SecurityPrivileges></SecurityPrivileges>
  </MessageSecurity>
 </MessageHeader>
 <MessageBody>
  <EIAError>
   <TimeStamp>2011-03-04T16:44:49.541</TimeStamp>
   <ErrorLevel>FUNCTIONAL</ErrorLevel>
   <ErrorID>201</ErrorID>
   <ErrorText>Parameter contains invalid data: ContractIdentifier</ErrorText>
   <ErrorClass>InvalidDataContent</ErrorClass>
   <DataPayLoad>Source CONTRACT  [TXID ID_1_228]</DataPayLoad>
  </EIAError>
 </MessageBody>
 <MessageTrailer/>
</EIAMessage>
