<?xml version="1.0" encoding="UTF-8"?><EIAMessage><MessageHeader><MessageID></MessageID><TimeStamp>2014-10-30T03:40:53.341</TimeStamp><MessageType>error</MessageType><ServiceDescriptor><ServiceID>es</ServiceID><MajorVersion>10</MajorVersion><MinorVersion>1</MinorVersion></ServiceDescriptor><MessageSecurity><SecurityCredentials><UserName>es</UserName><UserPassword>es</UserPassword></SecurityCredentials></MessageSecurity></MessageHeader><MessageBody><EIAError><TimeStamp>2014-10-30T03:40:53.341</TimeStamp><ErrorLevel>FATAL</ErrorLevel><ErrorID>111</ErrorID><ErrorText>Access to service denied: Authorization failure</ErrorText><ErrorClass>Misconfiguration</ErrorClass><DataPayLoad></DataPayLoad></EIAError></MessageBody><MessageTrailer/></EIAMessage>