  <?xml version="1.0" encoding="UTF-8"?><EIAMessage><MessageHeader><MessageID>8460010</MessageID><TimeStamp>2013-12-20T10:57:59.622</TimeStamp><MessageType>error</MessageType><ServiceDescriptor><ServiceID>es</ServiceID><MajorVersion>10</MajorVersion><MinorVersion>1</MinorVersion></ServiceDescriptor><MessageSecurity><SecurityCredentials><UserName>es</UserName><UserPassword>es</UserPassword></SecurityCredentials></MessageSecurity></MessageHeader><MessageBody><EIAError><TimeStamp>2013-12-20T10:57:59.535</TimeStamp><ErrorLevel>FUNCTIONAL</ErrorLevel><ErrorID>214</ErrorID><ErrorText>Product or part not eligible for warranty</ErrorText><ErrorClass>DataNotFound</ErrorClass><DataPayLoad>Source WARRANTY SWOP 2006: Product is defined as not eligible for warranty. [TXID 8460010]</DataPayLoad></EIAError></MessageBody><MessageTrailer/></EIAMessage>
