  <?xml version="1.0" encoding="UTF-8"?><EIAMessage><MessageHeader><MessageID>11441381</MessageID><TimeStamp>2015-10-23T06:03:15.443</TimeStamp><MessageType>error</MessageType><ServiceDescriptor><ServiceID>es</ServiceID><MajorVersion>10</MajorVersion><MinorVersion>1</MinorVersion></ServiceDescriptor><MessageSecurity><SecurityCredentials><UserName>es</UserName><UserPassword>es</UserPassword></SecurityCredentials></MessageSecurity></MessageHeader><MessageBody><EIAError><TimeStamp>2015-10-23T06:03:11.765</TimeStamp><ErrorLevel>FUNCTIONAL</ErrorLevel><ErrorID>202</ErrorID><ErrorText>No unit found with supplied serial number - try to additionally provide the product number</ErrorText><ErrorClass>MissingDataContent</ErrorClass><DataPayLoad>Source WARRANTY SWOP 2010: No product found for this serial number. [TXID 11441381]</DataPayLoad></EIAError></MessageBody><MessageTrailer/></EIAMessage>