  <?xml version="1.0" encoding="UTF-8"?><EIAMessage><MessageHeader><MessageID>8460003</MessageID><TimeStamp>2013-12-20T10:57:25.919</TimeStamp><MessageType>error</MessageType><ServiceDescriptor><ServiceID>es</ServiceID><MajorVersion>10</MajorVersion><MinorVersion>1</MinorVersion></ServiceDescriptor><MessageSecurity><SecurityCredentials><UserName>es</UserName><UserPassword>es</UserPassword></SecurityCredentials></MessageSecurity></MessageHeader><MessageBody><EIAError><TimeStamp>2013-12-20</TimeStamp><ErrorLevel>FUNCTIONAL</ErrorLevel><ErrorID>601</ErrorID><ErrorText>Error: Product not eligible for service.</ErrorText><ErrorClass>InvalidDataFormat</ErrorClass><DataPayLoad>[TXID 8460003]</DataPayLoad></EIAError></MessageBody><MessageTrailer/></EIAMessage>
