  <?xml version="1.0" encoding="UTF-8"?><EIAMessage><MessageHeader><MessageID>11441380</MessageID><TimeStamp>2015-10-23T06:03:11.468</TimeStamp><MessageType>reply</MessageType><ServiceDescriptor><ServiceID>es</ServiceID><MajorVersion>10</MajorVersion><MinorVersion>1</MinorVersion></ServiceDescriptor><MessageSecurity><SecurityCredentials><UserName>es</UserName><UserPassword>es</UserPassword></SecurityCredentials></MessageSecurity></MessageHeader><MessageBody><EsReply><EsHeader><InputRequest><Operation>getEntitlementBySn</Operation><ClientAppID>EsTest</ClientAppID><EntitlementBySnRequest><ActiveContractsOnly>false</ActiveContractsOnly><ActiveServicesOnly>false</ActiveServicesOnly><IncludeAddresses>true</IncludeAddresses><IncludeContacts>true</IncludeContacts><IncludeOffers>true</IncludeOffers><IncludeDeliverables>true</IncludeDeliverables><IncludeModifiers>true</IncludeModifiers><IncludeWorkings>true</IncludeWorkings><EntitlementCheckDate>2015-10-23</EntitlementCheckDate><IsoCountryCd>US</IsoCountryCd><ActiveWarrantyOnly>false</ActiveWarrantyOnly><IncludeWarranty>true</IncludeWarranty><IncludeContracts>true</IncludeContracts><IncludeServiceNotes>false</IncludeServiceNotes><SerialNumber>332CG43HT603</SerialNumber><IncludeCATS>false</IncludeCATS></EntitlementBySnRequest></InputRequest><TransactionID>11441380</TransactionID><Warnings><EIAError><TimeStamp>2015-10-23T06:03:11.441</TimeStamp><ErrorLevel>WARNING</ErrorLevel><ErrorID>426</ErrorID><ErrorText>Source System warning code and description: 1015 ; Product 152991-001         is OUT of WARRANTY (OOW) since 28-JAN-2010</ErrorText><ErrorClass>MissingDataContent</ErrorClass><DataPayLoad>Source WARRANTY </DataPayLoad></EIAError></Warnings></EsHeader><CombinedUnitEntitlement><ActiveWarrantyEntitlement>false</ActiveWarrantyEntitlement><OverallWarrantyStartDate>2010-01-28</OverallWarrantyStartDate><OverallWarrantyEndDate>2010-01-28</OverallWarrantyEndDate><ActiveContractEntitlement>false</ActiveContractEntitlement><OOS id="ID_980_2"><OOSType>HW</OOSType><SerialNumber>332CG43HT603</SerialNumber><Product><ProductID>152991-001</ProductID><ProductDescription>S710 17&amp;apos;&amp;apos; TCO/NHROW US</ProductDescription><ProductLineCode>BO</ProductLineCode></Product></OOS><Warranty><WarrantyType>FR</WarrantyType><TermCode>NWTY</TermCode><PortfolioFlag>G</PortfolioFlag><WarrantyDeterminationCode>08</WarrantyDeterminationCode><WarrantyDeterminationDescription>Out of Warranty</WarrantyDeterminationDescription><WarrantyStartDate>2010-01-28</WarrantyStartDate><GracePeriod>0</GracePeriod><Global>false</Global><InstallationIncluded>false</InstallationIncluded><SitePreparation>false</SitePreparation><WarrantyExtension>0</WarrantyExtension></Warranty><Working><WorkingName>SWOP Warranty ID</WorkingName><WorkingValue>NWTY</WorkingValue></Working><Working><WorkingName>SWOP Warranty Start Date</WorkingName><WorkingValue>2010-01-28</WorkingValue></Working><Working><WorkingName>SWOP Grace Period</WorkingName><WorkingValue>0</WorkingValue></Working><Working><WorkingName>SWOP Start Date Type</WorkingName><WorkingValue>Out of Warranty</WorkingValue></Working><Working><WorkingName>SWOP Instance</WorkingName><WorkingValue>sapnt1.sapnet.hp.com</WorkingValue></Working><Working><WorkingName>SWOP Request Status</WorkingName><WorkingValue>Successful</WorkingValue></Working><Working><WorkingName>SWOP Unit List Returned</WorkingName><WorkingValue>N</WorkingValue></Working><Working><WorkingName>SWOP Product Base Warranty</WorkingName><WorkingValue>N</WorkingValue></Working><Working><WorkingName>SNR call</WorkingName><WorkingValue>NoDataFound</WorkingValue></Working></CombinedUnitEntitlement></EsReply></MessageBody><MessageTrailer/></EIAMessage>