<?xml version="1.0" encoding="UTF-8"?>
<EIAMessage>
 <MessageHeader>
  <MessageID>113583</MessageID>
  <TimeStamp>2012-02-08T14:44:15.395</TimeStamp>
  <MessageType>error</MessageType>
  <ServiceDescriptor>
   <ServiceID>es</ServiceID>
   <MajorVersion>10</MajorVersion>
   <MinorVersion>1</MinorVersion>
  </ServiceDescriptor>
  <MessageSecurity>
   <SecurityCredentials>
    <UserName>es</UserName>
    <UserPassword>es</UserPassword>
   </SecurityCredentials>
  </MessageSecurity>
 </MessageHeader>
 <MessageBody>
  <EIAError>
   <TimeStamp>2012-02-08T14:44:15.388Z</TimeStamp>
   <ErrorLevel>FUNCTIONAL</ErrorLevel>
   <ErrorID>601</ErrorID>
   <ErrorText>Error: Product not eligible for service.</ErrorText>
   <ErrorClass>InvalidDataFormat</ErrorClass>
   <DataPayLoad>[TXID 113584]</DataPayLoad>
  </EIAError>
 </MessageBody>
 <MessageTrailer/>
</EIAMessage>
