<?xml version="1.0" encoding = "UTF-8"?>
<EIAMessage>
    <MessageHeader>
        <MessageID>test</MessageID>
        <MessageStatus></MessageStatus>
        <TimeStamp>04-12-2006	15:04:45	GMT+0:00</TimeStamp>
        <MessageType>error</MessageType>
        <MessageComment></MessageComment>
        <Routing>
            <SourceSystem>
                <SrcSystemInstance></SrcSystemInstance>
                <SrcSystemType></SrcSystemType>
                <SrcHPEntity></SrcHPEntity>
                <SrcCountry></SrcCountry>
                <SrcSiteName></SrcSiteName>
            </SourceSystem>
        </Routing>
        <ServiceDescriptor>
            <ServiceID>ES</ServiceID>
            <MajorVersion>5</MajorVersion>
            <MinorVersion>0</MinorVersion>
        </ServiceDescriptor>
        <MessageState>
            <Validated></Validated>
        </MessageState>
        <MessageSecurity>
            <SecurityCredentials>
                <UserName>TheMan</UserName>
                <UserPassword>FromNowhere</UserPassword>
            </SecurityCredentials>
            <SecurityPrivileges></SecurityPrivileges>
        </MessageSecurity>
    </MessageHeader>
    <MessageBody>
        <EIAError>
            <TimeStamp>2006-05-02T15:00:27.341</TimeStamp>
            <ErrorLevel>FUNCTIONAL</ErrorLevel>
            <ErrorID>201</ErrorID>
            <ErrorText>Parameter contains invalid data: EntitlementCheckDate</ErrorText>
            <ErrorClass>InvalidDataContent</ErrorClass>
            <DataPayLoad>The configured range for EntitlementCheckDate is -1000 day(s)/+1 day(s) around the current date [TXID ID_1_92]</DataPayLoad>
        </EIAError>
    </MessageBody>
    <MessageTrailer/>
</EIAMessage>
