  <?xml version="1.0" encoding="UTF-8"?><EIAMessage><MessageHeader><MessageID>11441200</MessageID><TimeStamp>2015-10-23T06:02:24.791</TimeStamp><MessageType>reply</MessageType><ServiceDescriptor><ServiceID>es</ServiceID><MajorVersion>10</MajorVersion><MinorVersion>1</MinorVersion></ServiceDescriptor><MessageSecurity><SecurityCredentials><UserName>es</UserName><UserPassword>es</UserPassword></SecurityCredentials></MessageSecurity></MessageHeader><MessageBody><EsReply><EsHeader><InputRequest><Operation>getEntitlementByPn</Operation><ClientAppID>EsTest</ClientAppID><EntitlementByPnRequest><ContractIdentifierType>SvcAgreementID</ContractIdentifierType><ActiveContractsOnly>false</ActiveContractsOnly><ActiveServicesOnly>false</ActiveServicesOnly><IncludeAddresses>false</IncludeAddresses><IncludeContacts>false</IncludeContacts><IncludeOffers>true</IncludeOffers><IncludeDeliverables>true</IncludeDeliverables><IncludeModifiers>false</IncludeModifiers><IncludeWorkings>false</IncludeWorkings><EntitlementCheckDate>2015-10-23</EntitlementCheckDate><IsoCountryCd>US</IsoCountryCd><ProofPurchaseDate>2003-01-01</ProofPurchaseDate><ActiveWarrantyOnly>false</ActiveWarrantyOnly><ContractIdentifier>103241912900</ContractIdentifier><IncludeWarranty>true</IncludeWarranty><IncludeContracts>true</IncludeContracts><IncludeServiceNotes>false</IncludeServiceNotes><ProductID>A5191B</ProductID><IncludeUniqueOffers>false</IncludeUniqueOffers><IncludeUniqueDeliverables>false</IncludeUniqueDeliverables><IncludeOOSes>false</IncludeOOSes></EntitlementByPnRequest></InputRequest><TransactionID>11441200</TransactionID><Warnings><EIAError><TimeStamp>2015-10-23T06:02:24.781</TimeStamp><ErrorLevel>WARNING</ErrorLevel><ErrorID>402</ErrorID><ErrorText>Warranty calculated based on product number.</ErrorText><ErrorClass>UnitNotFound</ErrorClass><DataPayLoad>Source WARRANTY SWOP 1009: Record not found; Warranty calculated based on product number.</DataPayLoad></EIAError><EIAError><TimeStamp>2015-10-23T06:02:24.766</TimeStamp><ErrorLevel>FUNCTIONAL</ErrorLevel><ErrorID>300</ErrorID><ErrorText>No data found</ErrorText><ErrorClass>DataNotFound</ErrorClass><DataPayLoad>Source CONTRACT </DataPayLoad></EIAError><EIAError><TimeStamp>2015-10-23</TimeStamp><ErrorLevel>WARNING</ErrorLevel><ErrorID>901</ErrorID><ErrorText>Warning message testing2</ErrorText><ErrorClass>InvalidDataFormat</ErrorClass></EIAError><EIAError><TimeStamp>2015-10-23</TimeStamp><ErrorLevel>FUNCTIONAL</ErrorLevel><ErrorID>906</ErrorID><ErrorText>Error message testing2</ErrorText><ErrorClass>InvalidDataFormat</ErrorClass></EIAError></Warnings></EsHeader><CombinedProductEntitlement><ActiveWarrantyEntitlement>false</ActiveWarrantyEntitlement><OverallWarrantyStartDate>2003-01-01</OverallWarrantyStartDate><OverallWarrantyEndDate>2005-12-31</OverallWarrantyEndDate><ActiveContractEntitlement>false</ActiveContractEntitlement><Warranty><WarrantyType>FR</WarrantyType><TermCode>A003</TermCode><PortfolioFlag>G</PortfolioFlag><WarrantyDeterminationCode>04</WarrantyDeterminationCode><WarrantyDeterminationDescription>Sales receipt Purchase date</WarrantyDeterminationDescription><WarrantyStartDate>2003-01-01</WarrantyStartDate><GracePeriod>0</GracePeriod><Global>true</Global><InstallationIncluded>false</InstallationIncluded><SitePreparation>false</SitePreparation><WarrantyExtension>0</WarrantyExtension><Offer id="ID_855_2"><OfferCode>HA151AW</OfferCode><OfferDescription>Wty: HP HW Maintenance Onsite Support</OfferDescription><Deliverable><DelivCode>WTY_HWMON_ONSITE_SUPPORT</DelivCode><DelivName>Onsite Support</DelivName><DelivValue>Y</DelivValue></Deliverable><Deliverable><DelivCode>WTY_HWMON_MATERIAL</DelivCode><DelivName>Parts and Material provided</DelivName><DelivValue>Y</DelivValue></Deliverable><Deliverable><DelivCode>WTY_HWMON_PROBLEM_DIAGNOSIS</DelivCode><DelivName>Hardware Problem Diagnosis</DelivName><DelivValue>Y</DelivValue></Deliverable><AppliesTo OOSRef="ID_855_1"><StartDate>2003-01-01</StartDate><EndDate>2005-12-31</EndDate><Status>X</Status><ActiveAppliesTo>false</ActiveAppliesTo><OOSKey></OOSKey></AppliesTo></Offer></Warranty></CombinedProductEntitlement></EsReply></MessageBody><MessageTrailer/></EIAMessage>