  <?xml version="1.0" encoding="UTF-8"?>
<EIAMessage>
	<MessageHeader>
		<MessageID>8133848</MessageID>
		<TimeStamp>2013-09-02T22:42:36.277</TimeStamp>
		<MessageType>error</MessageType>
		<ServiceDescriptor>
			<ServiceID>es</ServiceID>
			<MajorVersion>10</MajorVersion>
			<MinorVersion>1</MinorVersion>
		</ServiceDescriptor>
		<MessageSecurity>
			<SecurityCredentials>
				<UserName>es</UserName>
				<UserPassword>es</UserPassword>
			</SecurityCredentials>
		</MessageSecurity>
	</MessageHeader>
	<MessageBody>
		<EIAError>
			<TimeStamp>2015-10-16T05:46:03.786</TimeStamp>
			<ErrorLevel>FUNCTIONAL</ErrorLevel>
			<ErrorID>210</ErrorID>
			<ErrorText>Product number was not found: 268P-PRODUCTID</ErrorText>
			<ErrorClass>DataNotFound</ErrorClass>
			<DataPayLoad>Source WARRANTY SWOP 2000: Invalid or obsolete product
				number. [TXID 11412724]</DataPayLoad>
		</EIAError>
	</MessageBody>
	<MessageTrailer />
</EIAMessage>
