  <?xml version="1.0" encoding="UTF-8"?><EIAMessage><MessageHeader><MessageID>11441375</MessageID><TimeStamp>2015-10-23T06:03:07.846</TimeStamp><MessageType>reply</MessageType><ServiceDescriptor><ServiceID>es</ServiceID><MajorVersion>10</MajorVersion><MinorVersion>1</MinorVersion></ServiceDescriptor><MessageSecurity><SecurityCredentials><UserName>es</UserName><UserPassword>es</UserPassword></SecurityCredentials></MessageSecurity></MessageHeader><MessageBody><EsReply><EsHeader><InputRequest><Operation>getEntitlementBySn</Operation><ClientAppID>EsTest</ClientAppID><EntitlementBySnRequest><ActiveContractsOnly>false</ActiveContractsOnly><ActiveServicesOnly>false</ActiveServicesOnly><IncludeAddresses>true</IncludeAddresses><IncludeContacts>true</IncludeContacts><IncludeOffers>true</IncludeOffers><IncludeDeliverables>true</IncludeDeliverables><IncludeModifiers>true</IncludeModifiers><IncludeWorkings>true</IncludeWorkings><EntitlementCheckDate>2015-10-23</EntitlementCheckDate><IsoCountryCd>IT</IsoCountryCd><ActiveWarrantyOnly>false</ActiveWarrantyOnly><IncludeWarranty>true</IncludeWarranty><IncludeContracts>true</IncludeContracts><SerialNumber>DEH45013WH</SerialNumber></EntitlementBySnRequest></InputRequest><TransactionID>11441375</TransactionID><Warnings><EIAError><TimeStamp>2015-10-23T06:03:07.797</TimeStamp><ErrorLevel>WARNING</ErrorLevel><ErrorID>426</ErrorID><ErrorText>Source System warning code and description: 1015 ; Product A5201A             is OUT of WARRANTY (OOW) since 01-NOV-2009</ErrorText><ErrorClass>MissingDataContent</ErrorClass><DataPayLoad>Source WARRANTY </DataPayLoad></EIAError></Warnings></EsHeader><CombinedUnitEntitlement><ActiveWarrantyEntitlement>false</ActiveWarrantyEntitlement><OverallWarrantyStartDate>2009-11-01</OverallWarrantyStartDate><OverallWarrantyEndDate>2009-11-01</OverallWarrantyEndDate><ActiveContractEntitlement>false</ActiveContractEntitlement><OOS id="ID_969_2"><OOSKey>79641563</OOSKey><OOSType>HW</OOSType><SerialNumber>DEH45013WH</SerialNumber><PurchaseAgreementNumber>UG108</PurchaseAgreementNumber><SalesOrderNumber>82BZ34522001</SalesOrderNumber><ShipToCountry>IT</ShipToCountry><ShipFromCountry>IT</ShipFromCountry><SalesChannel>D</SalesChannel><Product><ProductID>A5201A</ProductID><ProductDescription>SuperDome 32 way cabinet</ProductDescription><ProductLineCode>1X</ProductLineCode></Product></OOS><Warranty><WarrantyType>FR</WarrantyType><TermCode>NWTY</TermCode><PortfolioFlag>G</PortfolioFlag><WarrantyDeterminationCode>08</WarrantyDeterminationCode><WarrantyDeterminationDescription>Out of Warranty</WarrantyDeterminationDescription><WarrantyStartDate>2009-11-01</WarrantyStartDate><GracePeriod>0</GracePeriod><Global>false</Global><InstallationIncluded>true</InstallationIncluded><SitePreparation>true</SitePreparation><WarrantyExtension>0</WarrantyExtension></Warranty><Working><WorkingName>SWOP Warranty ID</WorkingName><WorkingValue>NWTY</WorkingValue></Working><Working><WorkingName>SWOP Warranty Start Date</WorkingName><WorkingValue>2009-11-01</WorkingValue></Working><Working><WorkingName>SWOP Grace Period</WorkingName><WorkingValue>0</WorkingValue></Working><Working><WorkingName>SWOP Shipment Date</WorkingName><WorkingValue>2005-01-18</WorkingValue></Working><Working><WorkingName>SWOP Start Date Type</WorkingName><WorkingValue>Out of Warranty</WorkingValue></Working><Working><WorkingName>SWOP Instance</WorkingName><WorkingValue>sapnt2.sapnet.hp.com</WorkingValue></Working><Working><WorkingName>SWOP Request Status</WorkingName><WorkingValue>Successful</WorkingValue></Working><Working><WorkingName>SWOP Unit List Returned</WorkingName><WorkingValue>N</WorkingValue></Working><Working><WorkingName>SWOP Product Base Warranty</WorkingName><WorkingValue>N</WorkingValue></Working><Working><WorkingName>SNR call</WorkingName><WorkingValue>NoDataFound</WorkingValue></Working><Working><WorkingName>ASTRO2 Instance</WorkingName><WorkingValue>CATS</WorkingValue></Working><Working><WorkingName>ASTRO2 Request Status</WorkingName><WorkingValue>NotAccessed</WorkingValue></Working></CombinedUnitEntitlement></EsReply></MessageBody><MessageTrailer/></EIAMessage>