  <?xml version="1.0" encoding="UTF-8"?><EIAMessage><MessageHeader><MessageID>8133902</MessageID><TimeStamp>2013-09-02T22:42:52.955</TimeStamp><MessageType>error</MessageType><ServiceDescriptor><ServiceID>es</ServiceID><MajorVersion>10</MajorVersion><MinorVersion>1</MinorVersion></ServiceDescriptor><MessageSecurity><SecurityCredentials><UserName>es</UserName><UserPassword>es</UserPassword></SecurityCredentials></MessageSecurity></MessageHeader><MessageBody><EIAError><TimeStamp>2013-09-02T22:42:52.948</TimeStamp><ErrorLevel>FUNCTIONAL</ErrorLevel><ErrorID>300</ErrorID><ErrorText>No data found</ErrorText><ErrorClass>DataNotFound</ErrorClass><DataPayLoad>Source CONTRACT  [TXID 8133903]</DataPayLoad></EIAError></MessageBody><MessageTrailer/></EIAMessage>
