  <?xml version="1.0" encoding="UTF-8"?>
<EIAMessage>
	<MessageHeader>
		<MessageID>8134364</MessageID>
		<TimeStamp>2013-09-02T22:45:39.920</TimeStamp>
		<MessageType>error</MessageType>
		<ServiceDescriptor>
			<ServiceID>es</ServiceID>
			<MajorVersion>10</MajorVersion>
			<MinorVersion>1</MinorVersion>
		</ServiceDescriptor>
		<MessageSecurity>
			<SecurityCredentials>
				<UserName>es</UserName>
				<UserPassword>es</UserPassword>
			</SecurityCredentials>
		</MessageSecurity>
	</MessageHeader>
	<MessageBody>
		<EIAError>
			<TimeStamp>2015-10-16T05:46:46.317</TimeStamp>
			<ErrorLevel>FUNCTIONAL</ErrorLevel>
			<ErrorID>300</ErrorID>
			<ErrorText>No data found</ErrorText>
			<ErrorClass>DataNotFound</ErrorClass>
			<DataPayLoad>Source CONTRACT [TXID 11413116]</DataPayLoad>
		</EIAError>
	</MessageBody>
	<MessageTrailer />
</EIAMessage>
