<?xml version="1.0" encoding="UTF-8"?><EIAMessage><MessageHeader><MessageID>11840035</MessageID><TimeStamp>2016-01-05T07:26:33.429</TimeStamp><MessageType>error</MessageType><ServiceDescriptor><ServiceID>es</ServiceID><MajorVersion>10</MajorVersion><MinorVersion>1</MinorVersion></ServiceDescriptor><MessageSecurity><SecurityCredentials><UserName>es</UserName><UserPassword>es</UserPassword></SecurityCredentials></MessageSecurity></MessageHeader><MessageBody><EIAError><TimeStamp>2016-01-05T07:26:33.396</TimeStamp><ErrorLevel>FUNCTIONAL</ErrorLevel><ErrorID>300</ErrorID><ErrorText>No data found</ErrorText><ErrorClass>DataNotFound</ErrorClass><DataPayLoad>Source CONTRACT  [TXID 11840035]</DataPayLoad></EIAError></MessageBody><MessageTrailer/></EIAMessage>