<?xml version="1.0" encoding="UTF-8"?><EIAMessage>	<MessageHeader>		<MessageID>14146730635515</MessageID>		<TimeStamp>2014-10-30T20:44:29.528</TimeStamp>		<MessageType>error</MessageType>		<ServiceDescriptor>			<ServiceID>es</ServiceID>			<MajorVersion>10</MajorVersion>			<MinorVersion>1</MinorVersion>		</ServiceDescriptor>		<MessageSecurity>			<SecurityCredentials>				<UserName>es</UserName>				<UserPassword>es</UserPassword>			</SecurityCredentials>		</MessageSecurity>	</MessageHeader>	<MessageBody>		<EIAError>			<TimeStamp>2015-10-23</TimeStamp>			<ErrorLevel>FUNCTIONAL</ErrorLevel>			<ErrorID>602</ErrorID>			<ErrorText>测试吧 test !!</ErrorText>			<ErrorClass>InvalidDataFormat</ErrorClass>		</EIAError>	</MessageBody>	<MessageTrailer /></EIAMessage>