  <?xml version="1.0" encoding="UTF-8"?><EIAMessage><MessageHeader><MessageID>11441382</MessageID><TimeStamp>2015-10-23T06:03:15.737</TimeStamp><MessageType>reply</MessageType><ServiceDescriptor><ServiceID>es</ServiceID><MajorVersion>10</MajorVersion><MinorVersion>1</MinorVersion></ServiceDescriptor><MessageSecurity><SecurityCredentials><UserName>es</UserName><UserPassword>es</UserPassword></SecurityCredentials></MessageSecurity></MessageHeader><MessageBody><EsReply><EsHeader><InputRequest><Operation>getEntitlementBySn</Operation><ClientAppID>EsTest</ClientAppID><EntitlementBySnRequest><ActiveContractsOnly>false</ActiveContractsOnly><ActiveServicesOnly>true</ActiveServicesOnly><IncludeAddresses>true</IncludeAddresses><IncludeContacts>true</IncludeContacts><IncludeOffers>true</IncludeOffers><IncludeDeliverables>true</IncludeDeliverables><IncludeModifiers>true</IncludeModifiers><IncludeWorkings>true</IncludeWorkings><EntitlementCheckDate>2015-10-23</EntitlementCheckDate><IsoCountryCd>IT</IsoCountryCd><ActiveWarrantyOnly>false</ActiveWarrantyOnly><IncludeWarranty>true</IncludeWarranty><IncludeContracts>true</IncludeContracts><IncludeServiceNotes>true</IncludeServiceNotes><SerialNumber>DEH45013WH</SerialNumber></EntitlementBySnRequest></InputRequest><TransactionID>11441382</TransactionID><Warnings><EIAError><TimeStamp>2015-10-23T06:03:15.653</TimeStamp><ErrorLevel>WARNING</ErrorLevel><ErrorID>426</ErrorID><ErrorText>Source System warning code and description: 1015 ; Product A5201A             is OUT of WARRANTY (OOW) since 01-NOV-2009</ErrorText><ErrorClass>MissingDataContent</ErrorClass><DataPayLoad>Source WARRANTY </DataPayLoad></EIAError></Warnings></EsHeader><CombinedUnitEntitlement><ActiveWarrantyEntitlement>false</ActiveWarrantyEntitlement><OverallWarrantyStartDate>2009-11-01</OverallWarrantyStartDate><OverallWarrantyEndDate>2009-11-01</OverallWarrantyEndDate><ActiveContractEntitlement>false</ActiveContractEntitlement><OOS id="ID_983_2"><OOSKey>79641563</OOSKey><OOSType>HW</OOSType><SerialNumber>DEH45013WH</SerialNumber><PurchaseAgreementNumber>UG108</PurchaseAgreementNumber><SalesOrderNumber>82BZ34522001</SalesOrderNumber><ShipToCountry>IT</ShipToCountry><ShipFromCountry>IT</ShipFromCountry><SalesChannel>D</SalesChannel><Product><ProductID>A5201A</ProductID><ProductDescription>SuperDome 32 way cabinet</ProductDescription><ProductLineCode>1X</ProductLineCode></Product></OOS><Warranty><WarrantyType>FR</WarrantyType><TermCode>NWTY</TermCode><PortfolioFlag>G</PortfolioFlag><WarrantyDeterminationCode>08</WarrantyDeterminationCode><WarrantyDeterminationDescription>Out of Warranty</WarrantyDeterminationDescription><WarrantyStartDate>2009-11-01</WarrantyStartDate><GracePeriod>0</GracePeriod><Global>false</Global><InstallationIncluded>true</InstallationIncluded><SitePreparation>true</SitePreparation><WarrantyExtension>0</WarrantyExtension></Warranty><ServiceNote><ServiceNoteNumber>c00517368</ServiceNoteNumber><ServiceNoteObjective>Recommended Modification</ServiceNoteObjective><ServiceNoteDescription>HP Integrity Superdome (IPF Processors) rel_6.0 System Firmware Is Available for Itanium 9M A2 stepping processor</ServiceNoteDescription><RecommendedAction>Fix At Agreeable Time</RecommendedAction><StartingSerialNumber>0000000000</StartingSerialNumber><EndingSerialNumber>ZZZZZZZZZZ</EndingSerialNumber><ExpireDate>2006-11-15</ExpireDate></ServiceNote><ServiceNote><ServiceNoteNumber>c00565153</ServiceNoteNumber><ServiceNoteObjective></ServiceNoteObjective><ServiceNoteDescription>Advisory: HP TFT5600 Rackmount Keyboard and Monitor (RKM) May Display a White Screen or Multicolored Vertical Lines If Connected Directly to an HP ProLiant, HP Superdome HP 9000, or HP Integrity Superdome Server That Is Power-Cycled or Rebooted</ServiceNoteDescription><RecommendedAction>Fix on Specified Failure</RecommendedAction><StartingSerialNumber>0000000000</StartingSerialNumber><EndingSerialNumber>ZZZZZZZZZZ</EndingSerialNumber></ServiceNote><ServiceNote><ServiceNoteNumber>c00571428</ServiceNoteNumber><ServiceNoteObjective></ServiceNoteObjective><ServiceNoteDescription>Advisory: HP TFT5600 Rackmount Keyboard and Monitor (RKM) May Display a White Screen or Multicolored Vertical Lines If Connected Directly to an HP ProLiant, HP Superdome HP 9000, or HP Integrity Superdome Server That Is Power Cycled or Rebooted</ServiceNoteDescription><RecommendedAction>Fix on Specified Failure</RecommendedAction><StartingSerialNumber>0000000000</StartingSerialNumber><EndingSerialNumber>ZZZZZZZZZZ</EndingSerialNumber></ServiceNote><ServiceNote><ServiceNoteNumber>c00602728</ServiceNoteNumber><ServiceNoteObjective></ServiceNoteObjective><ServiceNoteDescription>HP Integrity Superdome (IPF Processors) and HP 9000 Superdome (PA8800 &amp; PA8900 Processors) rel_6.1 System Firmware Release Note Information</ServiceNoteDescription><RecommendedAction>Not Applicable</RecommendedAction><StartingSerialNumber>0000000000</StartingSerialNumber><EndingSerialNumber>ZZZZZZZZZZ</EndingSerialNumber></ServiceNote><ServiceNote><ServiceNoteNumber>c00702402</ServiceNoteNumber><ServiceNoteObjective></ServiceNoteObjective><ServiceNoteDescription>Advisory: HP Systems Insight Manager (HP SIM) Cannot Be Upgraded from Version 4.0 or 4.1 to Version 4.2 on Servers Running the HP-UX Operating System</ServiceNoteDescription><RecommendedAction>Fix on Specified Failure</RecommendedAction><StartingSerialNumber>0000000000</StartingSerialNumber><EndingSerialNumber>ZZZZZZZZZZ</EndingSerialNumber></ServiceNote><ServiceNote><ServiceNoteNumber>c00784312</ServiceNoteNumber><ServiceNoteObjective>Recommended Modification</ServiceNoteObjective><ServiceNoteDescription>HP Integrity Superdome/sx1000 (IPF Processors) rel_6.2 System Firmware is Available</ServiceNoteDescription><RecommendedAction>Fix Immediately</RecommendedAction><StartingSerialNumber>0000000000</StartingSerialNumber><EndingSerialNumber>ZZZZZZZZZZ</EndingSerialNumber><ExpireDate>2007-09-21</ExpireDate></ServiceNote><ServiceNote><ServiceNoteNumber>c00876633</ServiceNoteNumber><ServiceNoteObjective>Recommended Modification</ServiceNoteObjective><ServiceNoteDescription>HP Integrity Superdome/sx1000: HP-UX 11i v3 Virtual Partitions Requires CE Update Service to Use Memory Migration</ServiceNoteDescription><RecommendedAction>Fix At Agreeable Time</RecommendedAction><StartingSerialNumber>0000000000</StartingSerialNumber><EndingSerialNumber>ZZZZZZZZZZ</EndingSerialNumber><ExpireDate>2008-03-01</ExpireDate></ServiceNote><ServiceNote><ServiceNoteNumber>c00889176</ServiceNoteNumber><ServiceNoteObjective></ServiceNoteObjective><ServiceNoteDescription>권고: HP TFT5600 RKM(Rackmount Keyboard and Monitor)을 전원 주기 또는 다시 부팅되는 HP ProLiant, HP Superdome HP 9000 또는 HP Integrity Superdome Server에 직접 연결하는 경우 백색 화면이나 여러 가지 색깔의 세로 선이 표시될 수 있음</ServiceNoteDescription><RecommendedAction>Fix on Specified Failure</RecommendedAction><StartingSerialNumber>0000000000</StartingSerialNumber><EndingSerialNumber>ZZZZZZZZZZ</EndingSerialNumber></ServiceNote><ServiceNote><ServiceNoteNumber>c00892112</ServiceNoteNumber><ServiceNoteObjective></ServiceNoteObjective><ServiceNoteDescription>HP Integrity Superdome sx1000 rel_7.0 System Firmware is available.</ServiceNoteDescription><RecommendedAction>Not Applicable</RecommendedAction><StartingSerialNumber>0000000000</StartingSerialNumber><EndingSerialNumber>ZZZZZZZZZZ</EndingSerialNumber></ServiceNote><ServiceNote><ServiceNoteNumber>c01158261</ServiceNoteNumber><ServiceNoteObjective></ServiceNoteObjective><ServiceNoteDescription>Announcing HP 9000 Superdome Server sx1000 and HP Integrity Superdome sx1000 Firmware rel_7.1</ServiceNoteDescription><RecommendedAction>Fix At Agreeable Time</RecommendedAction><StartingSerialNumber>0000000000</StartingSerialNumber><EndingSerialNumber>ZZZZZZZZZZ</EndingSerialNumber></ServiceNote><ServiceNote><ServiceNoteNumber>c01177411</ServiceNoteNumber><ServiceNoteObjective></ServiceNoteObjective><ServiceNoteDescription>Advisory: (Revision) HP ProLiant Smart Array SAS/SATA Event Notification Service Version 6.4.0.xx Does Not Log All Events to the Windows Registry</ServiceNoteDescription><RecommendedAction>Fix At Agreeable Time</RecommendedAction><StartingSerialNumber>0000000000</StartingSerialNumber><EndingSerialNumber>ZZZZZZZZZZ</EndingSerialNumber></ServiceNote><ServiceNote><ServiceNoteNumber>c01178935</ServiceNoteNumber><ServiceNoteObjective></ServiceNoteObjective><ServiceNoteDescription>권고: HP 프로라이언트 스마트 어레이 SAS/SATA 이벤트 알림 서비스 버전 6.4.0.xx가 Windows 레지스트리에 모든 이벤트를 로그로 기록하지 않음</ServiceNoteDescription><RecommendedAction>Fix At Agreeable Time</RecommendedAction><StartingSerialNumber>0000000000</StartingSerialNumber><EndingSerialNumber>ZZZZZZZZZZ</EndingSerialNumber></ServiceNote><ServiceNote><ServiceNoteNumber>c01183240</ServiceNoteNumber><ServiceNoteObjective>Recommended Modification</ServiceNoteObjective><ServiceNoteDescription>HUCB Over-current Protection Enhancement is Available</ServiceNoteDescription><RecommendedAction>Fix At Agreeable Time</RecommendedAction><StartingSerialNumber>0000000000</StartingSerialNumber><EndingSerialNumber>ZZZZZZZZZZ</EndingSerialNumber><ExpireDate>2008-11-01</ExpireDate></ServiceNote><ServiceNote><ServiceNoteNumber>c01186056</ServiceNoteNumber><ServiceNoteObjective></ServiceNoteObjective><ServiceNoteDescription>Announcing HP 9000 Superdome Server sx1000 and HP Integrity Superdome sx1000 Firmware rel_7.2</ServiceNoteDescription><RecommendedAction>Not Applicable</RecommendedAction><StartingSerialNumber>0000000000</StartingSerialNumber><EndingSerialNumber>ZZZZZZZZZZ</EndingSerialNumber></ServiceNote><ServiceNote><ServiceNoteNumber>c01208910</ServiceNoteNumber><ServiceNoteObjective></ServiceNoteObjective><ServiceNoteDescription>A reconnect -r command from an EFI shell causes an unexpected trap in the EFI driver for the Smart array controller, which halts the system.</ServiceNoteDescription><RecommendedAction>Fix on Specified Failure</RecommendedAction><StartingSerialNumber>0000000000</StartingSerialNumber><EndingSerialNumber>ZZZZZZZZZZ</EndingSerialNumber></ServiceNote><ServiceNote><ServiceNoteNumber>c01216169</ServiceNoteNumber><ServiceNoteObjective></ServiceNoteObjective><ServiceNoteDescription>HSG80 on HP-UX Configuration Guidelines</ServiceNoteDescription><RecommendedAction>Not Applicable</RecommendedAction><StartingSerialNumber>0000000000</StartingSerialNumber><EndingSerialNumber>ZZZZZZZZZZ</EndingSerialNumber></ServiceNote><ServiceNote><ServiceNoteNumber>c01227368</ServiceNoteNumber><ServiceNoteObjective></ServiceNoteObjective><ServiceNoteDescription>Advisory: Secure Path for Linux v3.0C-SP1 with Support for Red Hat v3 Update 3 is Now Available</ServiceNoteDescription><RecommendedAction>Not Applicable</RecommendedAction><StartingSerialNumber>0000000000</StartingSerialNumber><EndingSerialNumber>ZZZZZZZZZZ</EndingSerialNumber></ServiceNote><ServiceNote><ServiceNoteNumber>c01232270</ServiceNoteNumber><ServiceNoteObjective></ServiceNoteObjective><ServiceNoteDescription>Advisory: (Revision) FIRMWARE UPGRADE or WORKAROUND REQUIRED to Prevent Rare Scenario of Potential Logical Drive Failure on HP Smart Array Controller Attached to Multiple Drive Arrays if Drive Failure or Incorrect Drive Replacement Occurs After Power Loss</ServiceNoteDescription><RecommendedAction>Fix Immediately</RecommendedAction><StartingSerialNumber>0000000000</StartingSerialNumber><EndingSerialNumber>ZZZZZZZZZZ</EndingSerialNumber></ServiceNote><ServiceNote><ServiceNoteNumber>c01270863</ServiceNoteNumber><ServiceNoteObjective></ServiceNoteObjective><ServiceNoteDescription>Intel(R) Itanium(R) 2 Madison 9M Family Processor Issue</ServiceNoteDescription><RecommendedAction>Fix on Specified Failure</RecommendedAction><StartingSerialNumber>0000000000</StartingSerialNumber><EndingSerialNumber>ZZZZZZZZZZ</EndingSerialNumber></ServiceNote><ServiceNote><ServiceNoteNumber>c01271015</ServiceNoteNumber><ServiceNoteObjective></ServiceNoteObjective><ServiceNoteDescription>顾问文档： 配有与多个驱动器阵列相连的惠普智能阵列控制器的服务器断电之后，如果发生驱动器故障或驱动器更换错误等问题，逻辑驱动器则有可能出现故障（发生概率极低），客户必须采取相应措施才能避免这个问题</ServiceNoteDescription><RecommendedAction>Not Applicable</RecommendedAction><StartingSerialNumber>0000000000</StartingSerialNumber><EndingSerialNumber>ZZZZZZZZZZ</EndingSerialNumber></ServiceNote><ServiceNote><ServiceNoteNumber>c01271844</ServiceNoteNumber><ServiceNoteObjective></ServiceNoteObjective><ServiceNoteDescription>Advisory: (Revision) FIRMWARE UPGRADE REQUIRED to Avoid Potential and Rare I/O Write Errors Observed During Intensive I/O Load on HP Servers with Two SAS Enclosures When One Enclosure Is Repeatedly Powered Off or Drives Are Randomly Hot-Removed</ServiceNoteDescription><RecommendedAction>Fix At Agreeable Time</RecommendedAction><StartingSerialNumber>0000000000</StartingSerialNumber><EndingSerialNumber>ZZZZZZZZZZ</EndingSerialNumber></ServiceNote><ServiceNote><ServiceNoteNumber>c01272011</ServiceNoteNumber><ServiceNoteObjective></ServiceNoteObjective><ServiceNoteDescription>권고: 여러 드라이브 어레이에 연결된 HP 스마트 어레이 컨트롤러로 구성된 서버에 전력 손실이 있으 후 드라이브 오류 또는 드라이브를 잘못 교체하는 일이 발생하는 경우, 잠재적인 논리 드라이브 오류가 나타나는 드문 현상을 예방하기 위해 필요한 고객 조치 사항</ServiceNoteDescription><RecommendedAction>Not Applicable</RecommendedAction><StartingSerialNumber>0000000000</StartingSerialNumber><EndingSerialNumber>ZZZZZZZZZZ</EndingSerialNumber></ServiceNote><ServiceNote><ServiceNoteNumber>c01279020</ServiceNoteNumber><ServiceNoteObjective></ServiceNoteObjective><ServiceNoteDescription>顾问文档： （修订）HP ProLiant Smart Array SAS/SATA Event Notification Service 版本 6.4.0.xx 未在 Windows 注册表中记录所有事件</ServiceNoteDescription><RecommendedAction>Fix At Agreeable Time</RecommendedAction><StartingSerialNumber>0000000000</StartingSerialNumber><EndingSerialNumber>ZZZZZZZZZZ</EndingSerialNumber></ServiceNote><ServiceNote><ServiceNoteNumber>c01291274</ServiceNoteNumber><ServiceNoteObjective></ServiceNoteObjective><ServiceNoteDescription>Some 64-Bit HP Servers Running Red Hat Enterprise Linux 3 (or Later) May Have Longer than Expected Backup Times or Appear To Be Stalled when Backing Up Sparse Files</ServiceNoteDescription><RecommendedAction>Not Applicable</RecommendedAction><StartingSerialNumber>0000000000</StartingSerialNumber><EndingSerialNumber>ZZZZZZZZZZ</EndingSerialNumber></ServiceNote><ServiceNote><ServiceNoteNumber>c01372007</ServiceNoteNumber><ServiceNoteObjective></ServiceNoteObjective><ServiceNoteDescription>Bulk Power Supply ILLEGAL_BPSID Event</ServiceNoteDescription><RecommendedAction>Not Applicable</RecommendedAction><StartingSerialNumber>0000000000</StartingSerialNumber><EndingSerialNumber>ZZZZZZZZZZ</EndingSerialNumber></ServiceNote><ServiceNote><ServiceNoteNumber>c01382181</ServiceNoteNumber><ServiceNoteObjective></ServiceNoteObjective><ServiceNoteDescription>IO Expansion Chassis BPS Hot Swap Issue</ServiceNoteDescription><RecommendedAction>Not Applicable</RecommendedAction><StartingSerialNumber>0000000000</StartingSerialNumber><EndingSerialNumber>ZZZZZZZZZZ</EndingSerialNumber></ServiceNote><ServiceNote><ServiceNoteNumber>c01433527</ServiceNoteNumber><ServiceNoteObjective></ServiceNoteObjective><ServiceNoteDescription>Advisory: FIRMWARE UPGRADE REQUIRED to Prevent Erroneous Drive Failures on Certain HP SATA Hard Drives Attached to HP Smart Array SAS/SATA Controllers</ServiceNoteDescription><RecommendedAction>Fix Immediately</RecommendedAction><StartingSerialNumber>0000000000</StartingSerialNumber><EndingSerialNumber>ZZZZZZZZZZ</EndingSerialNumber></ServiceNote><ServiceNote><ServiceNoteNumber>c01436690</ServiceNoteNumber><ServiceNoteObjective></ServiceNoteObjective><ServiceNoteDescription>권고: HP Smart Array SAS/SATA 컨트롤러에 부착된 특정 HP SATA 하드 드라이버에서 드라이버 오류를 방지하기 위해 펌웨어 업그레이드가 필요합니다</ServiceNoteDescription><RecommendedAction>Fix Immediately</RecommendedAction><StartingSerialNumber>0000000000</StartingSerialNumber><EndingSerialNumber>ZZZZZZZZZZ</EndingSerialNumber></ServiceNote><ServiceNote><ServiceNoteNumber>c01448227</ServiceNoteNumber><ServiceNoteObjective></ServiceNoteObjective><ServiceNoteDescription>Advisory: Log Files in Web Based Enterprise Services (WEBES) May Grow Too Large</ServiceNoteDescription><RecommendedAction>Not Applicable</RecommendedAction><StartingSerialNumber>0000000000</StartingSerialNumber><EndingSerialNumber>ZZZZZZZZZZ</EndingSerialNumber></ServiceNote><ServiceNote><ServiceNoteNumber>c01450822</ServiceNoteNumber><ServiceNoteObjective></ServiceNoteObjective><ServiceNoteDescription>顾问文档： Web Based Enterprise Services (WEBES) 中的日志文件可能变得太大</ServiceNoteDescription><RecommendedAction>Not Applicable</RecommendedAction><StartingSerialNumber>0000000000</StartingSerialNumber><EndingSerialNumber>ZZZZZZZZZZ</EndingSerialNumber></ServiceNote><ServiceNote><ServiceNoteNumber>c01464631</ServiceNoteNumber><ServiceNoteObjective></ServiceNoteObjective><ServiceNoteDescription>Intel(R) Itanium(R) 2 Madison 9M 제품군 프로세서 문제</ServiceNoteDescription><RecommendedAction>Fix on Specified Failure</RecommendedAction><StartingSerialNumber>0000000000</StartingSerialNumber><EndingSerialNumber>ZZZZZZZZZZ</EndingSerialNumber></ServiceNote><ServiceNote><ServiceNoteNumber>c01473263</ServiceNoteNumber><ServiceNoteObjective></ServiceNoteObjective><ServiceNoteDescription>Advisory: FIRMWARE UPGRADE REQUIRED to Prevent Rare Potential for Data Read/Write Errors on a RAID 6 or RAID 1+0 Volume Configured on Certain HP Smart Array SATA/SAS Controllers After Multiple Drive Failures and One Hot-Replacement</ServiceNoteDescription><RecommendedAction>Fix Immediately</RecommendedAction><StartingSerialNumber>0000000000</StartingSerialNumber><EndingSerialNumber>ZZZZZZZZZZ</EndingSerialNumber></ServiceNote><ServiceNote><ServiceNoteNumber>c01475133</ServiceNoteNumber><ServiceNoteObjective></ServiceNoteObjective><ServiceNoteDescription>顾问文档： 如果指定了操作系统注册表中的 DedicatedDumpFile 设置与 DumpFileSize 设置，那么运行 Windows Server 2008 的 ProLiant 服务器与 Integrity 服务器可能会将超大的转储文件裁减至 4 GB</ServiceNoteDescription><RecommendedAction>Fix on Specified Failure</RecommendedAction><StartingSerialNumber>0000000000</StartingSerialNumber><EndingSerialNumber>ZZZZZZZZZZ</EndingSerialNumber></ServiceNote><ServiceNote><ServiceNoteNumber>c01476493</ServiceNoteNumber><ServiceNoteObjective></ServiceNoteObjective><ServiceNoteDescription>권고: 여러 번의 드라이브 실패와 한 번의 핫 교체(Hot-Replacement) 후 특정 HP 스마트 어레이 SATA/SAS 컨트롤러에 구성된 RAID 6 또는 RAID 1+0 볼륨에서 데이터 읽기/쓰기 오류의 발생 가능성을 예방하기 위해 펌웨어 업그레이드가 필요합니다</ServiceNoteDescription><RecommendedAction>Fix Immediately</RecommendedAction><StartingSerialNumber>0000000000</StartingSerialNumber><EndingSerialNumber>ZZZZZZZZZZ</EndingSerialNumber></ServiceNote><ServiceNote><ServiceNoteNumber>c01480371</ServiceNoteNumber><ServiceNoteObjective></ServiceNoteObjective><ServiceNoteDescription>顾问文档： 驱动器多次出现故障并进行了一次热更换后，需要进行固件升级防止某些惠普智能阵列 SATA/SAS 控制器上配置的 RAID 6 或 RAID 1+0 卷出现数据读/写错误，虽然这种错误很少出现。</ServiceNoteDescription><RecommendedAction>Fix Immediately</RecommendedAction><StartingSerialNumber>0000000000</StartingSerialNumber><EndingSerialNumber>ZZZZZZZZZZ</EndingSerialNumber></ServiceNote><ServiceNote><ServiceNoteNumber>c01521089</ServiceNoteNumber><ServiceNoteObjective></ServiceNoteObjective><ServiceNoteDescription>Intel(R) Itanium(R) 2 Madison 9M 系列处理器问题</ServiceNoteDescription><RecommendedAction>Fix on Specified Failure</RecommendedAction><StartingSerialNumber>0000000000</StartingSerialNumber><EndingSerialNumber>ZZZZZZZZZZ</EndingSerialNumber></ServiceNote><ServiceNote><ServiceNoteNumber>c01564625</ServiceNoteNumber><ServiceNoteObjective></ServiceNoteObjective><ServiceNoteDescription>Limitation and workaround for migration or data restore from an Alpha Server System to an Integrity Server system or from an Integrity Server system to an Alpha Server System on OpenVMS platform using Data Protector v5.5 and v6.0</ServiceNoteDescription><RecommendedAction>Not Applicable</RecommendedAction><StartingSerialNumber>0000000000</StartingSerialNumber><EndingSerialNumber>ZZZZZZZZZZ</EndingSerialNumber></ServiceNote><ServiceNote><ServiceNoteNumber>c01570624</ServiceNoteNumber><ServiceNoteObjective></ServiceNoteObjective><ServiceNoteDescription>Limitation and workaround for migration or data restore from an Alpha Server System to an Integrity Server system or from an Integrity Server system to an Alpha Server System on OpenVMS platform using Data Protector v5.5 and v6.0</ServiceNoteDescription><RecommendedAction>Not Applicable</RecommendedAction><StartingSerialNumber>0000000000</StartingSerialNumber><EndingSerialNumber>ZZZZZZZZZZ</EndingSerialNumber></ServiceNote><ServiceNote><ServiceNoteNumber>c01587778</ServiceNoteNumber><ServiceNoteObjective></ServiceNoteObjective><ServiceNoteDescription>Advisory: FIRMWARE UPGRADE REQUIRED to Prevent Rare Potential Data Write Errors on a RAID 1 or RAID 1+0 Volume Configured on an HP Smart Array SAS/SATA or SCSI Controller in Scenario of Concurrent Background Surface Analysis and I/O Write Operations</ServiceNoteDescription><RecommendedAction>Fix Immediately</RecommendedAction><StartingSerialNumber>0000000000</StartingSerialNumber><EndingSerialNumber>ZZZZZZZZZZ</EndingSerialNumber></ServiceNote><ServiceNote><ServiceNoteNumber>c01596663</ServiceNoteNumber><ServiceNoteObjective></ServiceNoteObjective><ServiceNoteDescription>권고: 동시 배경 표면 분석 및 I/O 쓰기 작업 시 HP Smart Array SAS/SATA 또는 SCSI 컨트롤러로 구성된 RAID 1 또는 RAID 1+0 볼륨에서 드문 잠재적 데이터 쓰기 오류를 예방하기 위해 펌웨어 업그레이드가 필요합니다</ServiceNoteDescription><RecommendedAction>Fix Immediately</RecommendedAction><StartingSerialNumber>0000000000</StartingSerialNumber><EndingSerialNumber>ZZZZZZZZZZ</EndingSerialNumber></ServiceNote><ServiceNote><ServiceNoteNumber>c01664502</ServiceNoteNumber><ServiceNoteObjective></ServiceNoteObjective><ServiceNoteDescription>Advisory: (Revision) ProLiant/Integrity/Superdome Servers: Smart Array 6402/6404 Controllers (A9890A/A9891A) - Array Configuration Utility for Linux CLI (hpacucli) Bus Rescan May Cause the Server to Appear Unresponsive if Any Drive Bays Are Empty</ServiceNoteDescription><RecommendedAction>Not Applicable</RecommendedAction><StartingSerialNumber>0000000000</StartingSerialNumber><EndingSerialNumber>ZZZZZZZZZZ</EndingSerialNumber></ServiceNote><ServiceNote><ServiceNoteNumber>c01726999</ServiceNoteNumber><ServiceNoteObjective></ServiceNoteObjective><ServiceNoteDescription>Advisory: Version Control Agent (VCA) 2.2.0 - VCA Homepage May Exclude Drivers And Software From the Installed Software and Driver List And Display a False Green/Good Software Status</ServiceNoteDescription><RecommendedAction>Fix on Specified Failure</RecommendedAction><StartingSerialNumber>0000000000</StartingSerialNumber><EndingSerialNumber>ZZZZZZZZZZ</EndingSerialNumber></ServiceNote><ServiceNote><ServiceNoteNumber>c01748505</ServiceNoteNumber><ServiceNoteObjective></ServiceNoteObjective><ServiceNoteDescription>顾问文档： 需要升级固件，以避免与惠普智能阵列 SAS/SATA 控制器相连的特定 HP SATA 硬盘出现错误的故障提示</ServiceNoteDescription><RecommendedAction>Fix Immediately</RecommendedAction><StartingSerialNumber>0000000000</StartingSerialNumber><EndingSerialNumber>ZZZZZZZZZZ</EndingSerialNumber></ServiceNote><ServiceNote><ServiceNoteNumber>c01872263</ServiceNoteNumber><ServiceNoteObjective></ServiceNoteObjective><ServiceNoteDescription>ADVISORY (REVISED): Superdome Management Processor (MP) network interface responds slowly</ServiceNoteDescription><RecommendedAction>Fix on Specified Failure</RecommendedAction><StartingSerialNumber>0000000000</StartingSerialNumber><EndingSerialNumber>ZZZZZZZZZZ</EndingSerialNumber></ServiceNote><ServiceNote><ServiceNoteNumber>c01872283</ServiceNoteNumber><ServiceNoteObjective></ServiceNoteObjective><ServiceNoteDescription>ADVISORY (REVISED): Superdome Management Processor (MP) network interface responds slowly</ServiceNoteDescription><RecommendedAction>Fix on Specified Failure</RecommendedAction><StartingSerialNumber>0000000000</StartingSerialNumber><EndingSerialNumber>ZZZZZZZZZZ</EndingSerialNumber></ServiceNote><ServiceNote><ServiceNoteNumber>c01888379</ServiceNoteNumber><ServiceNoteObjective></ServiceNoteObjective><ServiceNoteDescription>Intel(R) Itanium(R) 2 Madison 9M 系列處理器問題</ServiceNoteDescription><RecommendedAction>Fix on Specified Failure</RecommendedAction><StartingSerialNumber>0000000000</StartingSerialNumber><EndingSerialNumber>ZZZZZZZZZZ</EndingSerialNumber></ServiceNote><ServiceNote><ServiceNoteNumber>c01909471</ServiceNoteNumber><ServiceNoteObjective></ServiceNoteObjective><ServiceNoteDescription>ADVISORY (修訂版)： Superdome Management Processor (MP) 的網路介面反應緩慢</ServiceNoteDescription><RecommendedAction>Fix on Specified Failure</RecommendedAction><StartingSerialNumber>0000000000</StartingSerialNumber><EndingSerialNumber>ZZZZZZZZZZ</EndingSerialNumber></ServiceNote><ServiceNote><ServiceNoteNumber>c01914702</ServiceNoteNumber><ServiceNoteObjective></ServiceNoteObjective><ServiceNoteDescription>顾问文档（修订）： Superdome 管理处理器 (MP) 网络界面响应速度较慢</ServiceNoteDescription><RecommendedAction>Fix on Specified Failure</RecommendedAction><StartingSerialNumber>0000000000</StartingSerialNumber><EndingSerialNumber>ZZZZZZZZZZ</EndingSerialNumber></ServiceNote><ServiceNote><ServiceNoteNumber>c01919523</ServiceNoteNumber><ServiceNoteObjective></ServiceNoteObjective><ServiceNoteDescription>권고(수정): Superdome Management Processor (MP) network interface responds slowly</ServiceNoteDescription><RecommendedAction>Fix on Specified Failure</RecommendedAction><StartingSerialNumber>0000000000</StartingSerialNumber><EndingSerialNumber>ZZZZZZZZZZ</EndingSerialNumber></ServiceNote><ServiceNote><ServiceNoteNumber>c02028876</ServiceNoteNumber><ServiceNoteObjective></ServiceNoteObjective><ServiceNoteDescription>アドバイザリ: Background Surface AnalysisとI/O書き込み動作が同時に発生した場合に、HP SmartアレイSAS/SATAまたはSCSIコントローラー上に構成されているRAID 1またはRAID 1+0ボリュームでまれに起きる可能性のある、データ書き込みエラーの防止に必要なファームウェアアップグレード</ServiceNoteDescription><RecommendedAction>Fix Immediately</RecommendedAction><StartingSerialNumber>0000000000</StartingSerialNumber><EndingSerialNumber>ZZZZZZZZZZ</EndingSerialNumber></ServiceNote><ServiceNote><ServiceNoteNumber>c02459269</ServiceNoteNumber><ServiceNoteObjective></ServiceNoteObjective><ServiceNoteDescription>Advisory: ProLiant and Integrity Servers: Smart Array SAS Controllers - Fan Failures in SAS Storage Enclosures May Be Reported in the ProLiant Integrated Management Log and Integrity System Event Log as Occurring on "Box 0" Under Windows Server 2003/2008</ServiceNoteDescription><RecommendedAction>Fix Immediately</RecommendedAction><StartingSerialNumber>0000000000</StartingSerialNumber><EndingSerialNumber>ZZZZZZZZZZ</EndingSerialNumber></ServiceNote><ServiceNote><ServiceNoteNumber>c02472642</ServiceNoteNumber><ServiceNoteObjective></ServiceNoteObjective><ServiceNoteDescription>Advisory: ProLiantおよびIntegrityサーバー: SmartアレイSASコントローラー - SASストレージエンクロージャーのファン障害が、Windows Server 2003/2008が稼働している"Box 0"で発生したファン障害として、ProLiantのインテグレーテッドマネジメントログおよびIntegrityのシステムイベントログにレポートされることがある</ServiceNoteDescription><RecommendedAction>Fix Immediately</RecommendedAction><StartingSerialNumber>0000000000</StartingSerialNumber><EndingSerialNumber>ZZZZZZZZZZ</EndingSerialNumber></ServiceNote><ServiceNote><ServiceNoteNumber>c02498297</ServiceNoteNumber><ServiceNoteObjective></ServiceNoteObjective><ServiceNoteDescription>ENGINEERING ADVISORY: AB287A, AD385A Link Down During Interrupt Migration</ServiceNoteDescription><RecommendedAction>Not Applicable</RecommendedAction><StartingSerialNumber>0000000000</StartingSerialNumber><EndingSerialNumber>ZZZZZZZZZZ</EndingSerialNumber></ServiceNote><ServiceNote><ServiceNoteNumber>c02582325</ServiceNoteNumber><ServiceNoteObjective></ServiceNoteObjective><ServiceNoteDescription>Bulletin: ProLiant and Integrity Servers: Smart Array SAS/SATA Controllers - CUSTOMER ACTION REQUIRED to Avoid Potential for Incomplete or Problematic Data Transfer Scenarios During Periods of Heavy I/O Involving Discontiguous Write Operations</ServiceNoteDescription><RecommendedAction>Fix Immediately</RecommendedAction><StartingSerialNumber>0000000000</StartingSerialNumber><EndingSerialNumber>ZZZZZZZZZZ</EndingSerialNumber></ServiceNote><ServiceNote><ServiceNoteNumber>c02582372</ServiceNoteNumber><ServiceNoteObjective></ServiceNoteObjective><ServiceNoteDescription>Bulletin: ProLiant and Integrity Servers: Smart Array SAS/SATA Controllers - CUSTOMER ACTION REQUIRED for Servers Configured with 8GB Memory (or More) to Avoid a Rare Incorrect Data Transfer Condition</ServiceNoteDescription><RecommendedAction>Fix Immediately</RecommendedAction><StartingSerialNumber>0000000000</StartingSerialNumber><EndingSerialNumber>ZZZZZZZZZZ</EndingSerialNumber></ServiceNote><ServiceNote><ServiceNoteNumber>c02586934</ServiceNoteNumber><ServiceNoteObjective></ServiceNoteObjective><ServiceNoteDescription>公告： ProLiant 和 Integrity 服务器： Smart Array SAS/SATA 控制器 - 在繁重 I/O 执行不连续写入操作期间，为避免数据传输不完整或出现问题而需客户执行的操作</ServiceNoteDescription><RecommendedAction>Fix Immediately</RecommendedAction><StartingSerialNumber>0000000000</StartingSerialNumber><EndingSerialNumber>ZZZZZZZZZZ</EndingSerialNumber></ServiceNote><ServiceNote><ServiceNoteNumber>c02586935</ServiceNoteNumber><ServiceNoteObjective></ServiceNoteObjective><ServiceNoteDescription>公告： ProLiant 和 Integrity 服务器： Smart Array SAS/SATA 控制器 - 为避免极少数传输不正确数据的情形发生，在配置了 8GB（或以上）内存的服务器上顾客需执行的操作</ServiceNoteDescription><RecommendedAction>Fix Immediately</RecommendedAction><StartingSerialNumber>0000000000</StartingSerialNumber><EndingSerialNumber>ZZZZZZZZZZ</EndingSerialNumber></ServiceNote><ServiceNote><ServiceNoteNumber>c02591476</ServiceNoteNumber><ServiceNoteObjective></ServiceNoteObjective><ServiceNoteDescription>Bulletin: ProLiantおよびIntegrityサーバー: SmartアレイSAS/SATAコントローラー - 高I/O負荷時に書き込み操作の中断を伴う不完全な、または問題のあるデータ転送を回避するためにお客様の対応が必要</ServiceNoteDescription><RecommendedAction>Fix Immediately</RecommendedAction><StartingSerialNumber>0000000000</StartingSerialNumber><EndingSerialNumber>ZZZZZZZZZZ</EndingSerialNumber></ServiceNote><ServiceNote><ServiceNoteNumber>c02591477</ServiceNoteNumber><ServiceNoteObjective></ServiceNoteObjective><ServiceNoteDescription>Bulletin: ProLiantおよびIntegrityサーバー: SmartアレイSAS/SATAコントローラー - 8GB (以上) のメモリを搭載するサーバーでまれに発生する不適切なデータ転送を回避するために、お客様の対応が必要</ServiceNoteDescription><RecommendedAction>Fix Immediately</RecommendedAction><StartingSerialNumber>0000000000</StartingSerialNumber><EndingSerialNumber>ZZZZZZZZZZ</EndingSerialNumber></ServiceNote><ServiceNote><ServiceNoteNumber>c02622321</ServiceNoteNumber><ServiceNoteObjective></ServiceNoteObjective><ServiceNoteDescription>CUSTOMER ADVISORY: Issues when using BACKUP command with /PROGRESS_REPORT and /LOG qualifiers together</ServiceNoteDescription><RecommendedAction>Not Applicable</RecommendedAction><StartingSerialNumber>0000000000</StartingSerialNumber><EndingSerialNumber>ZZZZZZZZZZ</EndingSerialNumber></ServiceNote><ServiceNote><ServiceNoteNumber>c02623429</ServiceNoteNumber><ServiceNoteObjective></ServiceNoteObjective><ServiceNoteDescription>Advisory: (Revision) HP Insight Remote Support Connectivity Loss with HP</ServiceNoteDescription><RecommendedAction>Fix Immediately</RecommendedAction><StartingSerialNumber>0000000000</StartingSerialNumber><EndingSerialNumber>ZZZZZZZZZZ</EndingSerialNumber></ServiceNote><ServiceNote><ServiceNoteNumber>c02623942</ServiceNoteNumber><ServiceNoteObjective></ServiceNoteObjective><ServiceNoteDescription>Bulletin： ProLiant 和 Integrity 伺服器： 智慧型陣列 SAS/SATA 控制器 ─ 需要客戶採取行動，以避免在大量 I/O 不連續寫入操作期間可能發生的資料轉換不完整情況</ServiceNoteDescription><RecommendedAction>Fix Immediately</RecommendedAction><StartingSerialNumber>0000000000</StartingSerialNumber><EndingSerialNumber>ZZZZZZZZZZ</EndingSerialNumber></ServiceNote><ServiceNote><ServiceNoteNumber>c02623943</ServiceNoteNumber><ServiceNoteObjective></ServiceNoteObjective><ServiceNoteDescription>Bulletin： ProLiant 和 Integrity 伺服器： 智慧型陣列 SAS/SATA 控制器 ─ 需要客戶採取行動，避免伺服器 (配置 8GB 以上的記憶體) 發生罕見的錯誤資料轉換情況</ServiceNoteDescription><RecommendedAction>Fix Immediately</RecommendedAction><StartingSerialNumber>0000000000</StartingSerialNumber><EndingSerialNumber>ZZZZZZZZZZ</EndingSerialNumber></ServiceNote><ServiceNote><ServiceNoteNumber>c02645470</ServiceNoteNumber><ServiceNoteObjective></ServiceNoteObjective><ServiceNoteDescription>게시: ProLiant 및 Integrity 서버: Smart Array SAS/SATA 컨트롤러 - 불연속 쓰기 작업과 관련하여 I/O가 많은 기간 동안 불완전하거나 문제가 있는 데이터 전송 시나리오를 방지하려면 고객의 작업이 필요함</ServiceNoteDescription><RecommendedAction>Fix Immediately</RecommendedAction><StartingSerialNumber>0000000000</StartingSerialNumber><EndingSerialNumber>ZZZZZZZZZZ</EndingSerialNumber></ServiceNote><ServiceNote><ServiceNoteNumber>c02645471</ServiceNoteNumber><ServiceNoteObjective></ServiceNoteObjective><ServiceNoteDescription>게시: ProLiant 및 Integrity 서버: Smart Array SAS/SATA 컨트롤러 - 드물게 발생하는 부정확한 데이터 전송 상태를 방지하기 위해 8GB 이상의 메모리로 구성된 서버에 대해 고객의 작업이 필요함</ServiceNoteDescription><RecommendedAction>Fix Immediately</RecommendedAction><StartingSerialNumber>0000000000</StartingSerialNumber><EndingSerialNumber>ZZZZZZZZZZ</EndingSerialNumber></ServiceNote><ServiceNote><ServiceNoteNumber>c02667805</ServiceNoteNumber><ServiceNoteObjective></ServiceNoteObjective><ServiceNoteDescription>CUSTOMER ADVISORY: Warning: Possible data loss during data recovery on tapes using Ignite-UX versions C.7.11.439 and C.7.11.444 on HP Integrity systems</ServiceNoteDescription><RecommendedAction>Not Applicable</RecommendedAction><StartingSerialNumber>0000000000</StartingSerialNumber><EndingSerialNumber>ZZZZZZZZZZ</EndingSerialNumber></ServiceNote><ServiceNote><ServiceNoteNumber>c02678348</ServiceNoteNumber><ServiceNoteObjective></ServiceNoteObjective><ServiceNoteDescription>CUSTOMER BULLETIN (REVISED): HP-UX: VxFS data integrity concern with write (2) system call with O_SYNC/O_DSYNC flag set</ServiceNoteDescription><RecommendedAction>Fix Immediately</RecommendedAction><StartingSerialNumber>0000000000</StartingSerialNumber><EndingSerialNumber>ZZZZZZZZZZ</EndingSerialNumber></ServiceNote><ServiceNote><ServiceNoteNumber>c02679961</ServiceNoteNumber><ServiceNoteObjective></ServiceNoteObjective><ServiceNoteDescription>Advisory: (改訂版) 2台のSASエンクロージャーを使用するHPサーバーで、I/O負荷が集中しているときに1台のエンクロージャーの電源を繰り返しオフにするかドライブをランダムにホットリムーブするとまれに発生することのあるI/O書き込みエラーを回避するには、ファームウェアのアップグレードが必要</ServiceNoteDescription><RecommendedAction>Fix At Agreeable Time</RecommendedAction><StartingSerialNumber>0000000000</StartingSerialNumber><EndingSerialNumber>ZZZZZZZZZZ</EndingSerialNumber></ServiceNote><ServiceNote><ServiceNoteNumber>c02725027</ServiceNoteNumber><ServiceNoteObjective></ServiceNoteObjective><ServiceNoteDescription>BULLETIN CLIENT : HP-UX : Problème d'intégrité des données VxFS avec l'appel système d'écriture (2) avec l'indicateur O_SYNC/O_DSYNC défini</ServiceNoteDescription><RecommendedAction>Fix Immediately</RecommendedAction><StartingSerialNumber>0000000000</StartingSerialNumber><EndingSerialNumber>ZZZZZZZZZZ</EndingSerialNumber></ServiceNote><ServiceNote><ServiceNoteNumber>c02725028</ServiceNoteNumber><ServiceNoteObjective></ServiceNoteObjective><ServiceNoteDescription>KUNDEN-BULLETIN: HP-UX: Problem mit der VxFS-Datenintegrität beim Systemaufruf für den Schreibvorgang (2), wenn das Flag auf O_SYNC/O_DSYNC gesetzt ist</ServiceNoteDescription><RecommendedAction>Fix Immediately</RecommendedAction><StartingSerialNumber>0000000000</StartingSerialNumber><EndingSerialNumber>ZZZZZZZZZZ</EndingSerialNumber></ServiceNote><ServiceNote><ServiceNoteNumber>c02725029</ServiceNoteNumber><ServiceNoteObjective></ServiceNoteObjective><ServiceNoteDescription>BOLLETTINO CLIENTI: HP-UX: Rischio relativo all'integrità dei dati VxFS con scrittura (2) di chiamata di sistema e impostazione flag O_SYNC/O_DSYNC</ServiceNoteDescription><RecommendedAction>Fix Immediately</RecommendedAction><StartingSerialNumber>0000000000</StartingSerialNumber><EndingSerialNumber>ZZZZZZZZZZ</EndingSerialNumber></ServiceNote><ServiceNote><ServiceNoteNumber>c02725030</ServiceNoteNumber><ServiceNoteObjective></ServiceNoteObjective><ServiceNoteDescription>INFORMATIVO PARA CLIENTES: HP-UX: Preocupação com a integridade de dados do VxFS com a chamada do sistema de gravação (2) com ajuste de sinalizador O_SYNC/O_DSYNC</ServiceNoteDescription><RecommendedAction>Fix Immediately</RecommendedAction><StartingSerialNumber>0000000000</StartingSerialNumber><EndingSerialNumber>ZZZZZZZZZZ</EndingSerialNumber></ServiceNote><ServiceNote><ServiceNoteNumber>c02725031</ServiceNoteNumber><ServiceNoteObjective></ServiceNoteObjective><ServiceNoteDescription>BOLETÍN DE CLIENTE: HP-UX: Problema de integridad de datos de VxFS con la llamada al sistema "write (2)" cuando está establecido el indicador O_SYNC/O_DSYNC</ServiceNoteDescription><RecommendedAction>Fix Immediately</RecommendedAction><StartingSerialNumber>0000000000</StartingSerialNumber><EndingSerialNumber>ZZZZZZZZZZ</EndingSerialNumber></ServiceNote><ServiceNote><ServiceNoteNumber>c02794465</ServiceNoteNumber><ServiceNoteObjective></ServiceNoteObjective><ServiceNoteDescription>CUSTOMER BULLETIN: HP-UX: O_SYNC/O_DSYNCフラグが設定されたwrite (2) システムコールに関するVxFSデータの整合性の問題</ServiceNoteDescription><RecommendedAction>Fix Immediately</RecommendedAction><StartingSerialNumber>0000000000</StartingSerialNumber><EndingSerialNumber>ZZZZZZZZZZ</EndingSerialNumber></ServiceNote><ServiceNote><ServiceNoteNumber>c02866556</ServiceNoteNumber><ServiceNoteObjective></ServiceNoteObjective><ServiceNoteDescription>Bulletin : serveurs ProLiant et Integrity : contrôleurs Smart Array SAS/SATA - ACTION REQUISE pour éviter toute éventualité de transfert de données incomplet ou problématique pendant des périodes de fortes E/S impliquant des opérations d'écriture séparées</ServiceNoteDescription><RecommendedAction>Fix Immediately</RecommendedAction><StartingSerialNumber>0000000000</StartingSerialNumber><EndingSerialNumber>ZZZZZZZZZZ</EndingSerialNumber></ServiceNote><ServiceNote><ServiceNoteNumber>c02866557</ServiceNoteNumber><ServiceNoteObjective></ServiceNoteObjective><ServiceNoteDescription>Bulletin : serveurs ProLiant et Integrity : contrôleurs Smart Array SAS/SATA - ACTION CLIENT REQUISE pour les serveurs configurés avec une mémoire de 8 Go (ou plus) pour éviter l'éventualité (rare) d'un transfert de données incorrect</ServiceNoteDescription><RecommendedAction>Fix Immediately</RecommendedAction><StartingSerialNumber>0000000000</StartingSerialNumber><EndingSerialNumber>ZZZZZZZZZZ</EndingSerialNumber></ServiceNote><ServiceNote><ServiceNoteNumber>c02866568</ServiceNoteNumber><ServiceNoteObjective></ServiceNoteObjective><ServiceNoteDescription>Bulletin: ProLiant- und Integrity-Server: Smart Array-SAS/SATA-Controller - KUNDENEINGRIFF ERFORDERLICH, um eine unvollständige Datenübertragung zu Zeiten hoher E/A-Aktivität zu vermeiden, die unterbrochene Schreibvorgänge beinhaltet</ServiceNoteDescription><RecommendedAction>Fix Immediately</RecommendedAction><StartingSerialNumber>0000000000</StartingSerialNumber><EndingSerialNumber>ZZZZZZZZZZ</EndingSerialNumber></ServiceNote><ServiceNote><ServiceNoteNumber>c02866569</ServiceNoteNumber><ServiceNoteObjective></ServiceNoteObjective><ServiceNoteDescription>Bollettino: Server ProLiant e Integrity: Controller SAS/SATA Smart Array - INTERV. CLIENTE RICHIESTO per evitare potenziali scenari di trasfer. dati incompleto o problematico durante i periodi di I/O complessi che includono oper. di scrittura non contigue</ServiceNoteDescription><RecommendedAction>Fix Immediately</RecommendedAction><StartingSerialNumber>0000000000</StartingSerialNumber><EndingSerialNumber>ZZZZZZZZZZ</EndingSerialNumber></ServiceNote><ServiceNote><ServiceNoteNumber>c02866570</ServiceNoteNumber><ServiceNoteObjective></ServiceNoteObjective><ServiceNoteDescription>Boletim: Serv. ProLiant e Integrity: Controladores Smart Array SAS/SATA - AÇÃO DO CLIENTE NECESSÁRIA p/ evitar cenários incompletos/problemáticos de transferência de dados durante períodos de intensa E/S envolvendo operações de gravação não adjacentes</ServiceNoteDescription><RecommendedAction>Fix Immediately</RecommendedAction><StartingSerialNumber>0000000000</StartingSerialNumber><EndingSerialNumber>ZZZZZZZZZZ</EndingSerialNumber></ServiceNote><ServiceNote><ServiceNoteNumber>c02866571</ServiceNoteNumber><ServiceNoteObjective></ServiceNoteObjective><ServiceNoteDescription>Boletín: Servidores ProLiant/Integrity - Controladoras Smart Array SAS/SATA: SE REQUIERE LA INTERVENCIÓN DEL CLIENTE para evitar transferencias incompletas o con errores cuando hay gran carga de trabajo de E/S con operaciones intermitentes de escritura</ServiceNoteDescription><RecommendedAction>Fix Immediately</RecommendedAction><StartingSerialNumber>0000000000</StartingSerialNumber><EndingSerialNumber>ZZZZZZZZZZ</EndingSerialNumber></ServiceNote><ServiceNote><ServiceNoteNumber>c02866572</ServiceNoteNumber><ServiceNoteObjective></ServiceNoteObjective><ServiceNoteDescription>Bulletin: ProLiant- und Integrity-Server: Smart Array-SAS/SATA-Controller - KUNDENEINGRIFF ERFORDERLICH bei Servern, die mit 8 GB Speicher (oder mehr) konfiguriert sind, um eine seltene falsche Bedingung für die Datenübertragung zu vermeiden</ServiceNoteDescription><RecommendedAction>Fix Immediately</RecommendedAction><StartingSerialNumber>0000000000</StartingSerialNumber><EndingSerialNumber>ZZZZZZZZZZ</EndingSerialNumber></ServiceNote><ServiceNote><ServiceNoteNumber>c02866573</ServiceNoteNumber><ServiceNoteObjective></ServiceNoteObjective><ServiceNoteDescription>Bollettino: Server ProLiant e Integrity: Controller SAS/SATA Smart Array - INTERVENTO DEL CLIENTE RICHIESTO per i server configurati con una memoria da 8 GB (o superiore) al fine di evitare una rara condizione di errore di trasferimento dati</ServiceNoteDescription><RecommendedAction>Fix Immediately</RecommendedAction><StartingSerialNumber>0000000000</StartingSerialNumber><EndingSerialNumber>ZZZZZZZZZZ</EndingSerialNumber></ServiceNote><ServiceNote><ServiceNoteNumber>c02866574</ServiceNoteNumber><ServiceNoteObjective></ServiceNoteObjective><ServiceNoteDescription>Boletim: Servidores ProLiant e Integrity: Controladores Smart Array SAS/SATA - AÇÃO DO CLIENTE NECESSÁRIA para Servidores configurados com Memória de 8GB (ou mais) para evitar uma rara condição de transferência de dados incorreta</ServiceNoteDescription><RecommendedAction>Fix Immediately</RecommendedAction><StartingSerialNumber>0000000000</StartingSerialNumber><EndingSerialNumber>ZZZZZZZZZZ</EndingSerialNumber></ServiceNote><ServiceNote><ServiceNoteNumber>c02866575</ServiceNoteNumber><ServiceNoteObjective></ServiceNoteObjective><ServiceNoteDescription>Boletín: Servidores ProLiant e Integrity: Controladoras Smart Array SAS/SATA: SE REQUIERE LA INTERVENCIÓN DEL CLIENTE para los servidores configurados con 8 Gb de memoria (o más) para evitar un infrecuente problema de transferencia de datos incorrecta</ServiceNoteDescription><RecommendedAction>Fix Immediately</RecommendedAction><StartingSerialNumber>0000000000</StartingSerialNumber><EndingSerialNumber>ZZZZZZZZZZ</EndingSerialNumber></ServiceNote><ServiceNote><ServiceNoteNumber>c03755204</ServiceNoteNumber><ServiceNoteObjective></ServiceNoteObjective><ServiceNoteDescription>BULLETIN CLIENT : (REVISE) HP-UX 11iv3 : Liste des périphériques DMP effacée lors des opérations vxdctl-enable ou vxdisk-scandisks</ServiceNoteDescription><RecommendedAction>Fix on Specified Failure</RecommendedAction><StartingSerialNumber>0000000000</StartingSerialNumber><EndingSerialNumber>ZZZZZZZZZZ</EndingSerialNumber></ServiceNote><ServiceNote><ServiceNoteNumber>c03756513</ServiceNoteNumber><ServiceNoteObjective></ServiceNoteObjective><ServiceNoteDescription>BOLLETTINO CLIENTI: HP-UX 11iv3 (AGGIORNATO): L'elenco dei dispositivi DMP viene eliminato durante le operazioni vxdctl-enable o vxdisk-scandisks</ServiceNoteDescription><RecommendedAction>Fix on Specified Failure</RecommendedAction><StartingSerialNumber>0000000000</StartingSerialNumber><EndingSerialNumber>ZZZZZZZZZZ</EndingSerialNumber></ServiceNote><ServiceNote><ServiceNoteNumber>c03756584</ServiceNoteNumber><ServiceNoteObjective></ServiceNoteObjective><ServiceNoteDescription>BOLETIM DO CLIENTE: (REVISADO) HP-UX 11iv3: Lista de dispositivos DMP eliminados em operações vxdctl ativadas ou discos de varredura vxdisk</ServiceNoteDescription><RecommendedAction>Fix on Specified Failure</RecommendedAction><StartingSerialNumber>0000000000</StartingSerialNumber><EndingSerialNumber>ZZZZZZZZZZ</EndingSerialNumber></ServiceNote><Working><WorkingName>SWOP Warranty ID</WorkingName><WorkingValue>NWTY</WorkingValue></Working><Working><WorkingName>SWOP Warranty Start Date</WorkingName><WorkingValue>2009-11-01</WorkingValue></Working><Working><WorkingName>SWOP Grace Period</WorkingName><WorkingValue>0</WorkingValue></Working><Working><WorkingName>SWOP Shipment Date</WorkingName><WorkingValue>2005-01-18</WorkingValue></Working><Working><WorkingName>SWOP Start Date Type</WorkingName><WorkingValue>Out of Warranty</WorkingValue></Working><Working><WorkingName>SWOP Instance</WorkingName><WorkingValue>sapnt2.sapnet.hp.com</WorkingValue></Working><Working><WorkingName>SWOP Request Status</WorkingName><WorkingValue>Successful</WorkingValue></Working><Working><WorkingName>SWOP Unit List Returned</WorkingName><WorkingValue>N</WorkingValue></Working><Working><WorkingName>SWOP Product Base Warranty</WorkingName><WorkingValue>N</WorkingValue></Working><Working><WorkingName>SNR call</WorkingName><WorkingValue>NoDataFound</WorkingValue></Working><Working><WorkingName>ASTRO2 Instance</WorkingName><WorkingValue>CATS</WorkingValue></Working><Working><WorkingName>ASTRO2 Request Status</WorkingName><WorkingValue>NotAccessed</WorkingValue></Working></CombinedUnitEntitlement></EsReply></MessageBody><MessageTrailer/></EIAMessage>