  <?xml version="1.0" encoding="UTF-8"?><EIAMessage><MessageHeader><MessageID>8060157</MessageID><TimeStamp>2013-07-13T09:56:10.272</TimeStamp><MessageType>error</MessageType><ServiceDescriptor><ServiceID>es</ServiceID><MajorVersion>10</MajorVersion><MinorVersion>1</MinorVersion></ServiceDescriptor><MessageSecurity><SecurityCredentials><UserName>es</UserName><UserPassword>es</UserPassword></SecurityCredentials></MessageSecurity></MessageHeader><MessageBody><EIAError><TimeStamp>2013-07-13T09:56:10.227</TimeStamp><ErrorLevel>FUNCTIONAL</ErrorLevel><ErrorID>300</ErrorID><ErrorText>No data found</ErrorText><ErrorClass>DataNotFound</ErrorClass><DataPayLoad>Source CONTRACT  [TXID 8060158]</DataPayLoad></EIAError></MessageBody><MessageTrailer/></EIAMessage>