  <?xml version="1.0" encoding="UTF-8"?>
<EIAMessage>
	<MessageHeader>
		<MessageID>8460013</MessageID>
		<TimeStamp>2013-12-20T10:58:00.225</TimeStamp>
		<MessageType>error</MessageType>
		<ServiceDescriptor>
			<ServiceID>es</ServiceID>
			<MajorVersion>10</MajorVersion>
			<MinorVersion>1</MinorVersion>
		</ServiceDescriptor>
		<MessageSecurity>
			<SecurityCredentials>
				<UserName>es</UserName>
				<UserPassword>es</UserPassword>
			</SecurityCredentials>
		</MessageSecurity>
	</MessageHeader>
	<MessageBody>
		<EIAError>
    <TimeStamp>2015-10-16T05:49:13.824</TimeStamp>
    <ErrorLevel>FUNCTIONAL</ErrorLevel>
    <ErrorID>224</ErrorID>
    <ErrorText>All Source Systems are not available: SWOP AM</ErrorText>
    <ErrorClass>MissingDataContent</ErrorClass>
    <DataPayLoad>[TXID 11413280]</DataPayLoad>
</EIAError>
	</MessageBody>
	<MessageTrailer />
</EIAMessage>
